animal_id,source_file,strain,dob,homecage_mice_at_testing,adversity_condition,genotype,birth_litter_size_p05_20,homecage_rank,adversity_age_range,vendor,p20_22_weight_g,homecage_nesting_material,experiment_cohort,bred_or_shipped,age_at_weaning_days,homecage_hut,sex,homecage_chewing_material,lab_source,testing_shavings,testing_light_phase,reinforcer,reinforcer_size_mg,testing_shavings_manufacturer,testing_room_lumens,experimenter,colony_light_cycle,video_recorded_discrimination,video_recorded_recall,video_recorded_reversal,colony_lights_on_time,testing_ramekin_diameter,colony_chow_brand,testing_ramekins_sham_baited,group,animal_id_inferred_from_filename,experimenter_gender,variable,value
Example_Animal_01,example_animal_01_four_choice.xlsx,C57BL/6,2026-06-26,2.0,Control,Wildtype,Unknown,Not observed,N/A,Jackson/NIH,Unknown,Y,ARC,Shipped,21,Y,M,N,"Zuo Lab, UCSC",Aspen,Light Phase,Bio-Serv Pellets,20.0,Kaytee,Unknown,Aria,8:8,N,N,N,08:00,3.7 inches,Teklad 2920X,Y,Control,False,,TTC_in_discrimination,27.0
Example_Animal_02,example_animal_02_four_choice.xlsx,C57BL/6,2026-06-26,2.0,Control,Wildtype,Unknown,Not observed,N/A,Jackson/NIH,Unknown,Y,ARC,Shipped,21,Y,M,N,"Zuo Lab, UCSC",Aspen,Light Phase,Bio-Serv Pellets,20.0,Kaytee,Unknown,Aria,8:8,N,N,N,08:00,3.7 inches,Teklad 2920X,Y,Control,False,,TTC_in_discrimination,17.0
Example_Animal_03,example_animal_03_four_choice.xlsx,,,,Food Restriction,,,,,Jackson,,,,Shipped,,,M,,Wilbrecht; UC Berkeley,Aspen,Dark,Cheerio,,Kaytee,,Han-Ning Lu,10:10:00,N,Y,Y,22:00,,,,Food Restriction,False,M,TTC_in_discrimination,38.0
Example_Animal_04,example_animal_04_four_choice.xlsx,JAX C57,,,Control,WT,unknown,,N/A,JAX,N/A,Y,,Shipped,N/A,N,M,N,"UC Berkeley, Wilbrecht Lab",Aspen,Dark,Bioserv,20.0,Kaytee,,Albert Ader,12:12:00,Y,Y,Y,22:00,,,Y,Control,False,M,TTC_in_discrimination,57.0
Example_Animal_05,example_animal_05_four_choice.xlsx,JAX C57,2026-06-30,,Control,WT,unknown,,N/A,JAX,N/A,Y,,Shipped,N/A,N,M,N,"UC Berkeley, Wilbrecht Lab",Aspen,Dark,Bioserv,20.0,Kaytee,,Han-Ning Lu,12:12:00,Y,Y,Y,22:00,,,Y,Control,False,M,TTC_in_discrimination,11.0
Example_Animal_06,example_animal_06_four_choice.xlsx,JAX C57,2026-06-30,,Control,WT,unknown,,N/A,JAX,N/A,Y,,Shipped,N/A,N,M,N,"UC Berkeley, Wilbrecht Lab",Aspen,Dark,Bioserv,20.0,Kaytee,,Han-Ning Lu,12:12:00,Y,Y,Y,22:00,,,Y,Control,False,M,TTC_in_discrimination,15.0
Example_Animal_07,example_animal_07_four_choice.xlsx,JAX C57,2026-07-10,,Control,WT,unknown,,N/A,JAX,N/A,Y,,Shipped,N/A,N,M,N,"UC Berkeley, Wilbrecht Lab",Aspen,Dark,Bioserv,20.0,Kaytee,,Han-Ning Lu,12:12:00,Y,Y,Y,22:00,,,Y,Control,False,M,TTC_in_discrimination,38.0
Example_Animal_08,example_animal_08_four_choice.xlsx,JAX C57,,,Control,WT,unknown,,N/A,JAX,N/A,Y,,Shipped,N/A,N,M,N,"UC Berkeley, Wilbrecht Lab",Aspen,Dark,Bioserv,20.0,Kaytee,,Albert Ader,12:12:00,Y,Y,Y,22:00,,,Y,Control,False,M,TTC_in_discrimination,22.0
Example_Animal_09,example_animal_09_four_choice.xlsx,JAX C57,2026-07-10,,Control,WT,unknown,,N/A,JAX,N/A,Y,,Shipped,N/A,N,M,N,"UC Berkeley, Wilbrecht Lab",Aspen,Dark,Bioserv,20.0,Kaytee,,Han-Ning Lu,12:12:00,Y,Y,Y,22:00,,,Y,Control,False,M,TTC_in_discrimination,81.0
Example_Animal_10,example_animal_10_four_choice.xlsx,JAX C57,,,Control,WT,unknown,,N/A,JAX,N/A,Y,,Shipped,N/A,N,M,N,"UC Berkeley, Wilbrecht Lab",Aspen,Dark,Bioserv,20.0,Kaytee,,Albert Ader,12:12:00,Y,Y,Y,22:00,,,Y,Control,False,M,TTC_in_discrimination,20.0
Example_Animal_11,example_animal_11_four_choice.xlsx,JAX C57,2026-07-10,,Control,WT,unknown,,N/A,JAX,N/A,Y,,Shipped,N/A,N,M,N,"UC Berkeley, Wilbrecht Lab",Aspen,Dark,Bioserv,20.0,Kaytee,,Han-Ning Lu,12:12:00,Y,Y,Y,22:00,,,Y,Control,False,M,TTC_in_discrimination,26.0
Example_Animal_01,example_animal_01_four_choice.xlsx,C57BL/6,2026-06-26,2.0,Control,Wildtype,Unknown,Not observed,N/A,Jackson/NIH,Unknown,Y,ARC,Shipped,21,Y,M,N,"Zuo Lab, UCSC",Aspen,Light Phase,Bio-Serv Pellets,20.0,Kaytee,Unknown,Aria,8:8,N,N,N,08:00,3.7 inches,Teklad 2920X,Y,Control,False,,Total_errors_in_discrimination,15.0
Example_Animal_02,example_animal_02_four_choice.xlsx,C57BL/6,2026-06-26,2.0,Control,Wildtype,Unknown,Not observed,N/A,Jackson/NIH,Unknown,Y,ARC,Shipped,21,Y,M,N,"Zuo Lab, UCSC",Aspen,Light Phase,Bio-Serv Pellets,20.0,Kaytee,Unknown,Aria,8:8,N,N,N,08:00,3.7 inches,Teklad 2920X,Y,Control,False,,Total_errors_in_discrimination,5.0
Example_Animal_03,example_animal_03_four_choice.xlsx,,,,Food Restriction,,,,,Jackson,,,,Shipped,,,M,,Wilbrecht; UC Berkeley,Aspen,Dark,Cheerio,,Kaytee,,Han-Ning Lu,10:10:00,N,Y,Y,22:00,,,,Food Restriction,False,M,Total_errors_in_discrimination,15.0
Example_Animal_04,example_animal_04_four_choice.xlsx,JAX C57,,,Control,WT,unknown,,N/A,JAX,N/A,Y,,Shipped,N/A,N,M,N,"UC Berkeley, Wilbrecht Lab",Aspen,Dark,Bioserv,20.0,Kaytee,,Albert Ader,12:12:00,Y,Y,Y,22:00,,,Y,Control,False,M,Total_errors_in_discrimination,24.0
Example_Animal_05,example_animal_05_four_choice.xlsx,JAX C57,2026-06-30,,Control,WT,unknown,,N/A,JAX,N/A,Y,,Shipped,N/A,N,M,N,"UC Berkeley, Wilbrecht Lab",Aspen,Dark,Bioserv,20.0,Kaytee,,Han-Ning Lu,12:12:00,Y,Y,Y,22:00,,,Y,Control,False,M,Total_errors_in_discrimination,2.0
Example_Animal_06,example_animal_06_four_choice.xlsx,JAX C57,2026-06-30,,Control,WT,unknown,,N/A,JAX,N/A,Y,,Shipped,N/A,N,M,N,"UC Berkeley, Wilbrecht Lab",Aspen,Dark,Bioserv,20.0,Kaytee,,Han-Ning Lu,12:12:00,Y,Y,Y,22:00,,,Y,Control,False,M,Total_errors_in_discrimination,5.0
Example_Animal_07,example_animal_07_four_choice.xlsx,JAX C57,2026-07-10,,Control,WT,unknown,,N/A,JAX,N/A,Y,,Shipped,N/A,N,M,N,"UC Berkeley, Wilbrecht Lab",Aspen,Dark,Bioserv,20.0,Kaytee,,Han-Ning Lu,12:12:00,Y,Y,Y,22:00,,,Y,Control,False,M,Total_errors_in_discrimination,17.0
Example_Animal_08,example_animal_08_four_choice.xlsx,JAX C57,,,Control,WT,unknown,,N/A,JAX,N/A,Y,,Shipped,N/A,N,M,N,"UC Berkeley, Wilbrecht Lab",Aspen,Dark,Bioserv,20.0,Kaytee,,Albert Ader,12:12:00,Y,Y,Y,22:00,,,Y,Control,False,M,Total_errors_in_discrimination,9.0
Example_Animal_09,example_animal_09_four_choice.xlsx,JAX C57,2026-07-10,,Control,WT,unknown,,N/A,JAX,N/A,Y,,Shipped,N/A,N,M,N,"UC Berkeley, Wilbrecht Lab",Aspen,Dark,Bioserv,20.0,Kaytee,,Han-Ning Lu,12:12:00,Y,Y,Y,22:00,,,Y,Control,False,M,Total_errors_in_discrimination,44.0
Example_Animal_10,example_animal_10_four_choice.xlsx,JAX C57,,,Control,WT,unknown,,N/A,JAX,N/A,Y,,Shipped,N/A,N,M,N,"UC Berkeley, Wilbrecht Lab",Aspen,Dark,Bioserv,20.0,Kaytee,,Albert Ader,12:12:00,Y,Y,Y,22:00,,,Y,Control,False,M,Total_errors_in_discrimination,9.0
Example_Animal_11,example_animal_11_four_choice.xlsx,JAX C57,2026-07-10,,Control,WT,unknown,,N/A,JAX,N/A,Y,,Shipped,N/A,N,M,N,"UC Berkeley, Wilbrecht Lab",Aspen,Dark,Bioserv,20.0,Kaytee,,Han-Ning Lu,12:12:00,Y,Y,Y,22:00,,,Y,Control,False,M,Total_errors_in_discrimination,13.0
Example_Animal_01,example_animal_01_four_choice.xlsx,C57BL/6,2026-06-26,2.0,Control,Wildtype,Unknown,Not observed,N/A,Jackson/NIH,Unknown,Y,ARC,Shipped,21,Y,M,N,"Zuo Lab, UCSC",Aspen,Light Phase,Bio-Serv Pellets,20.0,Kaytee,Unknown,Aria,8:8,N,N,N,08:00,3.7 inches,Teklad 2920X,Y,Control,False,,TTC_in_reversal,20.0
Example_Animal_02,example_animal_02_four_choice.xlsx,C57BL/6,2026-06-26,2.0,Control,Wildtype,Unknown,Not observed,N/A,Jackson/NIH,Unknown,Y,ARC,Shipped,21,Y,M,N,"Zuo Lab, UCSC",Aspen,Light Phase,Bio-Serv Pellets,20.0,Kaytee,Unknown,Aria,8:8,N,N,N,08:00,3.7 inches,Teklad 2920X,Y,Control,False,,TTC_in_reversal,13.0
Example_Animal_03,example_animal_03_four_choice.xlsx,,,,Food Restriction,,,,,Jackson,,,,Shipped,,,M,,Wilbrecht; UC Berkeley,Aspen,Dark,Cheerio,,Kaytee,,Han-Ning Lu,10:10:00,N,Y,Y,22:00,,,,Food Restriction,False,M,TTC_in_reversal,49.0
Example_Animal_04,example_animal_04_four_choice.xlsx,JAX C57,,,Control,WT,unknown,,N/A,JAX,N/A,Y,,Shipped,N/A,N,M,N,"UC Berkeley, Wilbrecht Lab",Aspen,Dark,Bioserv,20.0,Kaytee,,Albert Ader,12:12:00,Y,Y,Y,22:00,,,Y,Control,False,M,TTC_in_reversal,51.0
Example_Animal_05,example_animal_05_four_choice.xlsx,JAX C57,2026-06-30,,Control,WT,unknown,,N/A,JAX,N/A,Y,,Shipped,N/A,N,M,N,"UC Berkeley, Wilbrecht Lab",Aspen,Dark,Bioserv,20.0,Kaytee,,Han-Ning Lu,12:12:00,Y,Y,Y,22:00,,,Y,Control,False,M,TTC_in_reversal,30.0
Example_Animal_06,example_animal_06_four_choice.xlsx,JAX C57,2026-06-30,,Control,WT,unknown,,N/A,JAX,N/A,Y,,Shipped,N/A,N,M,N,"UC Berkeley, Wilbrecht Lab",Aspen,Dark,Bioserv,20.0,Kaytee,,Han-Ning Lu,12:12:00,Y,Y,Y,22:00,,,Y,Control,False,M,TTC_in_reversal,61.0
Example_Animal_07,example_animal_07_four_choice.xlsx,JAX C57,2026-07-10,,Control,WT,unknown,,N/A,JAX,N/A,Y,,Shipped,N/A,N,M,N,"UC Berkeley, Wilbrecht Lab",Aspen,Dark,Bioserv,20.0,Kaytee,,Han-Ning Lu,12:12:00,Y,Y,Y,22:00,,,Y,Control,False,M,TTC_in_reversal,52.0
Example_Animal_08,example_animal_08_four_choice.xlsx,JAX C57,,,Control,WT,unknown,,N/A,JAX,N/A,Y,,Shipped,N/A,N,M,N,"UC Berkeley, Wilbrecht Lab",Aspen,Dark,Bioserv,20.0,Kaytee,,Albert Ader,12:12:00,Y,Y,Y,22:00,,,Y,Control,False,M,TTC_in_reversal,30.0
Example_Animal_09,example_animal_09_four_choice.xlsx,JAX C57,2026-07-10,,Control,WT,unknown,,N/A,JAX,N/A,Y,,Shipped,N/A,N,M,N,"UC Berkeley, Wilbrecht Lab",Aspen,Dark,Bioserv,20.0,Kaytee,,Han-Ning Lu,12:12:00,Y,Y,Y,22:00,,,Y,Control,False,M,TTC_in_reversal,34.0
Example_Animal_10,example_animal_10_four_choice.xlsx,JAX C57,,,Control,WT,unknown,,N/A,JAX,N/A,Y,,Shipped,N/A,N,M,N,"UC Berkeley, Wilbrecht Lab",Aspen,Dark,Bioserv,20.0,Kaytee,,Albert Ader,12:12:00,Y,Y,Y,22:00,,,Y,Control,False,M,TTC_in_reversal,57.0
Example_Animal_11,example_animal_11_four_choice.xlsx,JAX C57,2026-07-10,,Control,WT,unknown,,N/A,JAX,N/A,Y,,Shipped,N/A,N,M,N,"UC Berkeley, Wilbrecht Lab",Aspen,Dark,Bioserv,20.0,Kaytee,,Han-Ning Lu,12:12:00,Y,Y,Y,22:00,,,Y,Control,False,M,TTC_in_reversal,55.0
Example_Animal_01,example_animal_01_four_choice.xlsx,C57BL/6,2026-06-26,2.0,Control,Wildtype,Unknown,Not observed,N/A,Jackson/NIH,Unknown,Y,ARC,Shipped,21,Y,M,N,"Zuo Lab, UCSC",Aspen,Light Phase,Bio-Serv Pellets,20.0,Kaytee,Unknown,Aria,8:8,N,N,N,08:00,3.7 inches,Teklad 2920X,Y,Control,False,,Total_errors_in_reversal,8.0
Example_Animal_02,example_animal_02_four_choice.xlsx,C57BL/6,2026-06-26,2.0,Control,Wildtype,Unknown,Not observed,N/A,Jackson/NIH,Unknown,Y,ARC,Shipped,21,Y,M,N,"Zuo Lab, UCSC",Aspen,Light Phase,Bio-Serv Pellets,20.0,Kaytee,Unknown,Aria,8:8,N,N,N,08:00,3.7 inches,Teklad 2920X,Y,Control,False,,Total_errors_in_reversal,4.0
Example_Animal_03,example_animal_03_four_choice.xlsx,,,,Food Restriction,,,,,Jackson,,,,Shipped,,,M,,Wilbrecht; UC Berkeley,Aspen,Dark,Cheerio,,Kaytee,,Han-Ning Lu,10:10:00,N,Y,Y,22:00,,,,Food Restriction,False,M,Total_errors_in_reversal,23.0
Example_Animal_04,example_animal_04_four_choice.xlsx,JAX C57,,,Control,WT,unknown,,N/A,JAX,N/A,Y,,Shipped,N/A,N,M,N,"UC Berkeley, Wilbrecht Lab",Aspen,Dark,Bioserv,20.0,Kaytee,,Albert Ader,12:12:00,Y,Y,Y,22:00,,,Y,Control,False,M,Total_errors_in_reversal,23.0
Example_Animal_05,example_animal_05_four_choice.xlsx,JAX C57,2026-06-30,,Control,WT,unknown,,N/A,JAX,N/A,Y,,Shipped,N/A,N,M,N,"UC Berkeley, Wilbrecht Lab",Aspen,Dark,Bioserv,20.0,Kaytee,,Han-Ning Lu,12:12:00,Y,Y,Y,22:00,,,Y,Control,False,M,Total_errors_in_reversal,15.0
Example_Animal_06,example_animal_06_four_choice.xlsx,JAX C57,2026-06-30,,Control,WT,unknown,,N/A,JAX,N/A,Y,,Shipped,N/A,N,M,N,"UC Berkeley, Wilbrecht Lab",Aspen,Dark,Bioserv,20.0,Kaytee,,Han-Ning Lu,12:12:00,Y,Y,Y,22:00,,,Y,Control,False,M,Total_errors_in_reversal,45.0
Example_Animal_07,example_animal_07_four_choice.xlsx,JAX C57,2026-07-10,,Control,WT,unknown,,N/A,JAX,N/A,Y,,Shipped,N/A,N,M,N,"UC Berkeley, Wilbrecht Lab",Aspen,Dark,Bioserv,20.0,Kaytee,,Han-Ning Lu,12:12:00,Y,Y,Y,22:00,,,Y,Control,False,M,Total_errors_in_reversal,29.0
Example_Animal_08,example_animal_08_four_choice.xlsx,JAX C57,,,Control,WT,unknown,,N/A,JAX,N/A,Y,,Shipped,N/A,N,M,N,"UC Berkeley, Wilbrecht Lab",Aspen,Dark,Bioserv,20.0,Kaytee,,Albert Ader,12:12:00,Y,Y,Y,22:00,,,Y,Control,False,M,Total_errors_in_reversal,12.0
Example_Animal_09,example_animal_09_four_choice.xlsx,JAX C57,2026-07-10,,Control,WT,unknown,,N/A,JAX,N/A,Y,,Shipped,N/A,N,M,N,"UC Berkeley, Wilbrecht Lab",Aspen,Dark,Bioserv,20.0,Kaytee,,Han-Ning Lu,12:12:00,Y,Y,Y,22:00,,,Y,Control,False,M,Total_errors_in_reversal,18.0
Example_Animal_10,example_animal_10_four_choice.xlsx,JAX C57,,,Control,WT,unknown,,N/A,JAX,N/A,Y,,Shipped,N/A,N,M,N,"UC Berkeley, Wilbrecht Lab",Aspen,Dark,Bioserv,20.0,Kaytee,,Albert Ader,12:12:00,Y,Y,Y,22:00,,,Y,Control,False,M,Total_errors_in_reversal,36.0
Example_Animal_11,example_animal_11_four_choice.xlsx,JAX C57,2026-07-10,,Control,WT,unknown,,N/A,JAX,N/A,Y,,Shipped,N/A,N,M,N,"UC Berkeley, Wilbrecht Lab",Aspen,Dark,Bioserv,20.0,Kaytee,,Han-Ning Lu,12:12:00,Y,Y,Y,22:00,,,Y,Control,False,M,Total_errors_in_reversal,35.0
Example_Animal_01,example_animal_01_four_choice.xlsx,C57BL/6,2026-06-26,2.0,Control,Wildtype,Unknown,Not observed,N/A,Jackson/NIH,Unknown,Y,ARC,Shipped,21,Y,M,N,"Zuo Lab, UCSC",Aspen,Light Phase,Bio-Serv Pellets,20.0,Kaytee,Unknown,Aria,8:8,N,N,N,08:00,3.7 inches,Teklad 2920X,Y,Control,False,,Perseverative_errors_in_reversal,2.0
Example_Animal_02,example_animal_02_four_choice.xlsx,C57BL/6,2026-06-26,2.0,Control,Wildtype,Unknown,Not observed,N/A,Jackson/NIH,Unknown,Y,ARC,Shipped,21,Y,M,N,"Zuo Lab, UCSC",Aspen,Light Phase,Bio-Serv Pellets,20.0,Kaytee,Unknown,Aria,8:8,N,N,N,08:00,3.7 inches,Teklad 2920X,Y,Control,False,,Perseverative_errors_in_reversal,1.0
Example_Animal_03,example_animal_03_four_choice.xlsx,,,,Food Restriction,,,,,Jackson,,,,Shipped,,,M,,Wilbrecht; UC Berkeley,Aspen,Dark,Cheerio,,Kaytee,,Han-Ning Lu,10:10:00,N,Y,Y,22:00,,,,Food Restriction,False,M,Perseverative_errors_in_reversal,2.0
Example_Animal_04,example_animal_04_four_choice.xlsx,JAX C57,,,Control,WT,unknown,,N/A,JAX,N/A,Y,,Shipped,N/A,N,M,N,"UC Berkeley, Wilbrecht Lab",Aspen,Dark,Bioserv,20.0,Kaytee,,Albert Ader,12:12:00,Y,Y,Y,22:00,,,Y,Control,False,M,Perseverative_errors_in_reversal,0.0
Example_Animal_05,example_animal_05_four_choice.xlsx,JAX C57,2026-06-30,,Control,WT,unknown,,N/A,JAX,N/A,Y,,Shipped,N/A,N,M,N,"UC Berkeley, Wilbrecht Lab",Aspen,Dark,Bioserv,20.0,Kaytee,,Han-Ning Lu,12:12:00,Y,Y,Y,22:00,,,Y,Control,False,M,Perseverative_errors_in_reversal,5.0
Example_Animal_06,example_animal_06_four_choice.xlsx,JAX C57,2026-06-30,,Control,WT,unknown,,N/A,JAX,N/A,Y,,Shipped,N/A,N,M,N,"UC Berkeley, Wilbrecht Lab",Aspen,Dark,Bioserv,20.0,Kaytee,,Han-Ning Lu,12:12:00,Y,Y,Y,22:00,,,Y,Control,False,M,Perseverative_errors_in_reversal,27.0
Example_Animal_07,example_animal_07_four_choice.xlsx,JAX C57,2026-07-10,,Control,WT,unknown,,N/A,JAX,N/A,Y,,Shipped,N/A,N,M,N,"UC Berkeley, Wilbrecht Lab",Aspen,Dark,Bioserv,20.0,Kaytee,,Han-Ning Lu,12:12:00,Y,Y,Y,22:00,,,Y,Control,False,M,Perseverative_errors_in_reversal,9.0
Example_Animal_08,example_animal_08_four_choice.xlsx,JAX C57,,,Control,WT,unknown,,N/A,JAX,N/A,Y,,Shipped,N/A,N,M,N,"UC Berkeley, Wilbrecht Lab",Aspen,Dark,Bioserv,20.0,Kaytee,,Albert Ader,12:12:00,Y,Y,Y,22:00,,,Y,Control,False,M,Perseverative_errors_in_reversal,2.0
Example_Animal_09,example_animal_09_four_choice.xlsx,JAX C57,2026-07-10,,Control,WT,unknown,,N/A,JAX,N/A,Y,,Shipped,N/A,N,M,N,"UC Berkeley, Wilbrecht Lab",Aspen,Dark,Bioserv,20.0,Kaytee,,Han-Ning Lu,12:12:00,Y,Y,Y,22:00,,,Y,Control,False,M,Perseverative_errors_in_reversal,0.0
Example_Animal_10,example_animal_10_four_choice.xlsx,JAX C57,,,Control,WT,unknown,,N/A,JAX,N/A,Y,,Shipped,N/A,N,M,N,"UC Berkeley, Wilbrecht Lab",Aspen,Dark,Bioserv,20.0,Kaytee,,Albert Ader,12:12:00,Y,Y,Y,22:00,,,Y,Control,False,M,Perseverative_errors_in_reversal,15.0
Example_Animal_11,example_animal_11_four_choice.xlsx,JAX C57,2026-07-10,,Control,WT,unknown,,N/A,JAX,N/A,Y,,Shipped,N/A,N,M,N,"UC Berkeley, Wilbrecht Lab",Aspen,Dark,Bioserv,20.0,Kaytee,,Han-Ning Lu,12:12:00,Y,Y,Y,22:00,,,Y,Control,False,M,Perseverative_errors_in_reversal,15.0
Example_Animal_01,example_animal_01_four_choice.xlsx,C57BL/6,2026-06-26,2.0,Control,Wildtype,Unknown,Not observed,N/A,Jackson/NIH,Unknown,Y,ARC,Shipped,21,Y,M,N,"Zuo Lab, UCSC",Aspen,Light Phase,Bio-Serv Pellets,20.0,Kaytee,Unknown,Aria,8:8,N,N,N,08:00,3.7 inches,Teklad 2920X,Y,Control,False,,Regressive_errors_in_reversal,6.0
Example_Animal_02,example_animal_02_four_choice.xlsx,C57BL/6,2026-06-26,2.0,Control,Wildtype,Unknown,Not observed,N/A,Jackson/NIH,Unknown,Y,ARC,Shipped,21,Y,M,N,"Zuo Lab, UCSC",Aspen,Light Phase,Bio-Serv Pellets,20.0,Kaytee,Unknown,Aria,8:8,N,N,N,08:00,3.7 inches,Teklad 2920X,Y,Control,False,,Regressive_errors_in_reversal,3.0
Example_Animal_03,example_animal_03_four_choice.xlsx,,,,Food Restriction,,,,,Jackson,,,,Shipped,,,M,,Wilbrecht; UC Berkeley,Aspen,Dark,Cheerio,,Kaytee,,Han-Ning Lu,10:10:00,N,Y,Y,22:00,,,,Food Restriction,False,M,Regressive_errors_in_reversal,20.0
Example_Animal_04,example_animal_04_four_choice.xlsx,JAX C57,,,Control,WT,unknown,,N/A,JAX,N/A,Y,,Shipped,N/A,N,M,N,"UC Berkeley, Wilbrecht Lab",Aspen,Dark,Bioserv,20.0,Kaytee,,Albert Ader,12:12:00,Y,Y,Y,22:00,,,Y,Control,False,M,Regressive_errors_in_reversal,10.0
Example_Animal_05,example_animal_05_four_choice.xlsx,JAX C57,2026-06-30,,Control,WT,unknown,,N/A,JAX,N/A,Y,,Shipped,N/A,N,M,N,"UC Berkeley, Wilbrecht Lab",Aspen,Dark,Bioserv,20.0,Kaytee,,Han-Ning Lu,12:12:00,Y,Y,Y,22:00,,,Y,Control,False,M,Regressive_errors_in_reversal,6.0
Example_Animal_06,example_animal_06_four_choice.xlsx,JAX C57,2026-06-30,,Control,WT,unknown,,N/A,JAX,N/A,Y,,Shipped,N/A,N,M,N,"UC Berkeley, Wilbrecht Lab",Aspen,Dark,Bioserv,20.0,Kaytee,,Han-Ning Lu,12:12:00,Y,Y,Y,22:00,,,Y,Control,False,M,Regressive_errors_in_reversal,10.0
Example_Animal_07,example_animal_07_four_choice.xlsx,JAX C57,2026-07-10,,Control,WT,unknown,,N/A,JAX,N/A,Y,,Shipped,N/A,N,M,N,"UC Berkeley, Wilbrecht Lab",Aspen,Dark,Bioserv,20.0,Kaytee,,Han-Ning Lu,12:12:00,Y,Y,Y,22:00,,,Y,Control,False,M,Regressive_errors_in_reversal,10.0
Example_Animal_08,example_animal_08_four_choice.xlsx,JAX C57,,,Control,WT,unknown,,N/A,JAX,N/A,Y,,Shipped,N/A,N,M,N,"UC Berkeley, Wilbrecht Lab",Aspen,Dark,Bioserv,20.0,Kaytee,,Albert Ader,12:12:00,Y,Y,Y,22:00,,,Y,Control,False,M,Regressive_errors_in_reversal,10.0
Example_Animal_09,example_animal_09_four_choice.xlsx,JAX C57,2026-07-10,,Control,WT,unknown,,N/A,JAX,N/A,Y,,Shipped,N/A,N,M,N,"UC Berkeley, Wilbrecht Lab",Aspen,Dark,Bioserv,20.0,Kaytee,,Han-Ning Lu,12:12:00,Y,Y,Y,22:00,,,Y,Control,False,M,Regressive_errors_in_reversal,12.0
Example_Animal_10,example_animal_10_four_choice.xlsx,JAX C57,,,Control,WT,unknown,,N/A,JAX,N/A,Y,,Shipped,N/A,N,M,N,"UC Berkeley, Wilbrecht Lab",Aspen,Dark,Bioserv,20.0,Kaytee,,Albert Ader,12:12:00,Y,Y,Y,22:00,,,Y,Control,False,M,Regressive_errors_in_reversal,14.0
Example_Animal_11,example_animal_11_four_choice.xlsx,JAX C57,2026-07-10,,Control,WT,unknown,,N/A,JAX,N/A,Y,,Shipped,N/A,N,M,N,"UC Berkeley, Wilbrecht Lab",Aspen,Dark,Bioserv,20.0,Kaytee,,Han-Ning Lu,12:12:00,Y,Y,Y,22:00,,,Y,Control,False,M,Regressive_errors_in_reversal,13.0
Example_Animal_01,example_animal_01_four_choice.xlsx,C57BL/6,2026-06-26,2.0,Control,Wildtype,Unknown,Not observed,N/A,Jackson/NIH,Unknown,Y,ARC,Shipped,21,Y,M,N,"Zuo Lab, UCSC",Aspen,Light Phase,Bio-Serv Pellets,20.0,Kaytee,Unknown,Aria,8:8,N,N,N,08:00,3.7 inches,Teklad 2920X,Y,Control,False,,O1_errors,8.0
Example_Animal_02,example_animal_02_four_choice.xlsx,C57BL/6,2026-06-26,2.0,Control,Wildtype,Unknown,Not observed,N/A,Jackson/NIH,Unknown,Y,ARC,Shipped,21,Y,M,N,"Zuo Lab, UCSC",Aspen,Light Phase,Bio-Serv Pellets,20.0,Kaytee,Unknown,Aria,8:8,N,N,N,08:00,3.7 inches,Teklad 2920X,Y,Control,False,,O1_errors,4.0
Example_Animal_03,example_animal_03_four_choice.xlsx,,,,Food Restriction,,,,,Jackson,,,,Shipped,,,M,,Wilbrecht; UC Berkeley,Aspen,Dark,Cheerio,,Kaytee,,Han-Ning Lu,10:10:00,N,Y,Y,22:00,,,,Food Restriction,False,M,O1_errors,22.0
Example_Animal_04,example_animal_04_four_choice.xlsx,JAX C57,,,Control,WT,unknown,,N/A,JAX,N/A,Y,,Shipped,N/A,N,M,N,"UC Berkeley, Wilbrecht Lab",Aspen,Dark,Bioserv,20.0,Kaytee,,Albert Ader,12:12:00,Y,Y,Y,22:00,,,Y,Control,False,M,O1_errors,10.0
Example_Animal_05,example_animal_05_four_choice.xlsx,JAX C57,2026-06-30,,Control,WT,unknown,,N/A,JAX,N/A,Y,,Shipped,N/A,N,M,N,"UC Berkeley, Wilbrecht Lab",Aspen,Dark,Bioserv,20.0,Kaytee,,Han-Ning Lu,12:12:00,Y,Y,Y,22:00,,,Y,Control,False,M,O1_errors,11.0
Example_Animal_06,example_animal_06_four_choice.xlsx,JAX C57,2026-06-30,,Control,WT,unknown,,N/A,JAX,N/A,Y,,Shipped,N/A,N,M,N,"UC Berkeley, Wilbrecht Lab",Aspen,Dark,Bioserv,20.0,Kaytee,,Han-Ning Lu,12:12:00,Y,Y,Y,22:00,,,Y,Control,False,M,O1_errors,37.0
Example_Animal_07,example_animal_07_four_choice.xlsx,JAX C57,2026-07-10,,Control,WT,unknown,,N/A,JAX,N/A,Y,,Shipped,N/A,N,M,N,"UC Berkeley, Wilbrecht Lab",Aspen,Dark,Bioserv,20.0,Kaytee,,Han-Ning Lu,12:12:00,Y,Y,Y,22:00,,,Y,Control,False,M,O1_errors,19.0
Example_Animal_08,example_animal_08_four_choice.xlsx,JAX C57,,,Control,WT,unknown,,N/A,JAX,N/A,Y,,Shipped,N/A,N,M,N,"UC Berkeley, Wilbrecht Lab",Aspen,Dark,Bioserv,20.0,Kaytee,,Albert Ader,12:12:00,Y,Y,Y,22:00,,,Y,Control,False,M,O1_errors,12.0
Example_Animal_09,example_animal_09_four_choice.xlsx,JAX C57,2026-07-10,,Control,WT,unknown,,N/A,JAX,N/A,Y,,Shipped,N/A,N,M,N,"UC Berkeley, Wilbrecht Lab",Aspen,Dark,Bioserv,20.0,Kaytee,,Han-Ning Lu,12:12:00,Y,Y,Y,22:00,,,Y,Control,False,M,O1_errors,12.0
Example_Animal_10,example_animal_10_four_choice.xlsx,JAX C57,,,Control,WT,unknown,,N/A,JAX,N/A,Y,,Shipped,N/A,N,M,N,"UC Berkeley, Wilbrecht Lab",Aspen,Dark,Bioserv,20.0,Kaytee,,Albert Ader,12:12:00,Y,Y,Y,22:00,,,Y,Control,False,M,O1_errors,29.0
Example_Animal_11,example_animal_11_four_choice.xlsx,JAX C57,2026-07-10,,Control,WT,unknown,,N/A,JAX,N/A,Y,,Shipped,N/A,N,M,N,"UC Berkeley, Wilbrecht Lab",Aspen,Dark,Bioserv,20.0,Kaytee,,Han-Ning Lu,12:12:00,Y,Y,Y,22:00,,,Y,Control,False,M,O1_errors,28.0
Example_Animal_01,example_animal_01_four_choice.xlsx,C57BL/6,2026-06-26,2.0,Control,Wildtype,Unknown,Not observed,N/A,Jackson/NIH,Unknown,Y,ARC,Shipped,21,Y,M,N,"Zuo Lab, UCSC",Aspen,Light Phase,Bio-Serv Pellets,20.0,Kaytee,Unknown,Aria,8:8,N,N,N,08:00,3.7 inches,Teklad 2920X,Y,Control,False,,O3_errors,0.0
Example_Animal_02,example_animal_02_four_choice.xlsx,C57BL/6,2026-06-26,2.0,Control,Wildtype,Unknown,Not observed,N/A,Jackson/NIH,Unknown,Y,ARC,Shipped,21,Y,M,N,"Zuo Lab, UCSC",Aspen,Light Phase,Bio-Serv Pellets,20.0,Kaytee,Unknown,Aria,8:8,N,N,N,08:00,3.7 inches,Teklad 2920X,Y,Control,False,,O3_errors,0.0
Example_Animal_03,example_animal_03_four_choice.xlsx,,,,Food Restriction,,,,,Jackson,,,,Shipped,,,M,,Wilbrecht; UC Berkeley,Aspen,Dark,Cheerio,,Kaytee,,Han-Ning Lu,10:10:00,N,Y,Y,22:00,,,,Food Restriction,False,M,O3_errors,1.0
Example_Animal_04,example_animal_04_four_choice.xlsx,JAX C57,,,Control,WT,unknown,,N/A,JAX,N/A,Y,,Shipped,N/A,N,M,N,"UC Berkeley, Wilbrecht Lab",Aspen,Dark,Bioserv,20.0,Kaytee,,Albert Ader,12:12:00,Y,Y,Y,22:00,,,Y,Control,False,M,O3_errors,5.0
Example_Animal_05,example_animal_05_four_choice.xlsx,JAX C57,2026-06-30,,Control,WT,unknown,,N/A,JAX,N/A,Y,,Shipped,N/A,N,M,N,"UC Berkeley, Wilbrecht Lab",Aspen,Dark,Bioserv,20.0,Kaytee,,Han-Ning Lu,12:12:00,Y,Y,Y,22:00,,,Y,Control,False,M,O3_errors,0.0
Example_Animal_06,example_animal_06_four_choice.xlsx,JAX C57,2026-06-30,,Control,WT,unknown,,N/A,JAX,N/A,Y,,Shipped,N/A,N,M,N,"UC Berkeley, Wilbrecht Lab",Aspen,Dark,Bioserv,20.0,Kaytee,,Han-Ning Lu,12:12:00,Y,Y,Y,22:00,,,Y,Control,False,M,O3_errors,4.0
Example_Animal_07,example_animal_07_four_choice.xlsx,JAX C57,2026-07-10,,Control,WT,unknown,,N/A,JAX,N/A,Y,,Shipped,N/A,N,M,N,"UC Berkeley, Wilbrecht Lab",Aspen,Dark,Bioserv,20.0,Kaytee,,Han-Ning Lu,12:12:00,Y,Y,Y,22:00,,,Y,Control,False,M,O3_errors,9.0
Example_Animal_08,example_animal_08_four_choice.xlsx,JAX C57,,,Control,WT,unknown,,N/A,JAX,N/A,Y,,Shipped,N/A,N,M,N,"UC Berkeley, Wilbrecht Lab",Aspen,Dark,Bioserv,20.0,Kaytee,,Albert Ader,12:12:00,Y,Y,Y,22:00,,,Y,Control,False,M,O3_errors,0.0
Example_Animal_09,example_animal_09_four_choice.xlsx,JAX C57,2026-07-10,,Control,WT,unknown,,N/A,JAX,N/A,Y,,Shipped,N/A,N,M,N,"UC Berkeley, Wilbrecht Lab",Aspen,Dark,Bioserv,20.0,Kaytee,,Han-Ning Lu,12:12:00,Y,Y,Y,22:00,,,Y,Control,False,M,O3_errors,5.0
Example_Animal_10,example_animal_10_four_choice.xlsx,JAX C57,,,Control,WT,unknown,,N/A,JAX,N/A,Y,,Shipped,N/A,N,M,N,"UC Berkeley, Wilbrecht Lab",Aspen,Dark,Bioserv,20.0,Kaytee,,Albert Ader,12:12:00,Y,Y,Y,22:00,,,Y,Control,False,M,O3_errors,5.0
Example_Animal_11,example_animal_11_four_choice.xlsx,JAX C57,2026-07-10,,Control,WT,unknown,,N/A,JAX,N/A,Y,,Shipped,N/A,N,M,N,"UC Berkeley, Wilbrecht Lab",Aspen,Dark,Bioserv,20.0,Kaytee,,Han-Ning Lu,12:12:00,Y,Y,Y,22:00,,,Y,Control,False,M,O3_errors,6.0
Example_Animal_01,example_animal_01_four_choice.xlsx,C57BL/6,2026-06-26,2.0,Control,Wildtype,Unknown,Not observed,N/A,Jackson/NIH,Unknown,Y,ARC,Shipped,21,Y,M,N,"Zuo Lab, UCSC",Aspen,Light Phase,Bio-Serv Pellets,20.0,Kaytee,Unknown,Aria,8:8,N,N,N,08:00,3.7 inches,Teklad 2920X,Y,Control,False,,O4_errors,0.0
Example_Animal_02,example_animal_02_four_choice.xlsx,C57BL/6,2026-06-26,2.0,Control,Wildtype,Unknown,Not observed,N/A,Jackson/NIH,Unknown,Y,ARC,Shipped,21,Y,M,N,"Zuo Lab, UCSC",Aspen,Light Phase,Bio-Serv Pellets,20.0,Kaytee,Unknown,Aria,8:8,N,N,N,08:00,3.7 inches,Teklad 2920X,Y,Control,False,,O4_errors,0.0
Example_Animal_03,example_animal_03_four_choice.xlsx,,,,Food Restriction,,,,,Jackson,,,,Shipped,,,M,,Wilbrecht; UC Berkeley,Aspen,Dark,Cheerio,,Kaytee,,Han-Ning Lu,10:10:00,N,Y,Y,22:00,,,,Food Restriction,False,M,O4_errors,0.0
Example_Animal_04,example_animal_04_four_choice.xlsx,JAX C57,,,Control,WT,unknown,,N/A,JAX,N/A,Y,,Shipped,N/A,N,M,N,"UC Berkeley, Wilbrecht Lab",Aspen,Dark,Bioserv,20.0,Kaytee,,Albert Ader,12:12:00,Y,Y,Y,22:00,,,Y,Control,False,M,O4_errors,8.0
Example_Animal_05,example_animal_05_four_choice.xlsx,JAX C57,2026-06-30,,Control,WT,unknown,,N/A,JAX,N/A,Y,,Shipped,N/A,N,M,N,"UC Berkeley, Wilbrecht Lab",Aspen,Dark,Bioserv,20.0,Kaytee,,Han-Ning Lu,12:12:00,Y,Y,Y,22:00,,,Y,Control,False,M,O4_errors,4.0
Example_Animal_06,example_animal_06_four_choice.xlsx,JAX C57,2026-06-30,,Control,WT,unknown,,N/A,JAX,N/A,Y,,Shipped,N/A,N,M,N,"UC Berkeley, Wilbrecht Lab",Aspen,Dark,Bioserv,20.0,Kaytee,,Han-Ning Lu,12:12:00,Y,Y,Y,22:00,,,Y,Control,False,M,O4_errors,4.0
Example_Animal_07,example_animal_07_four_choice.xlsx,JAX C57,2026-07-10,,Control,WT,unknown,,N/A,JAX,N/A,Y,,Shipped,N/A,N,M,N,"UC Berkeley, Wilbrecht Lab",Aspen,Dark,Bioserv,20.0,Kaytee,,Han-Ning Lu,12:12:00,Y,Y,Y,22:00,,,Y,Control,False,M,O4_errors,1.0
Example_Animal_08,example_animal_08_four_choice.xlsx,JAX C57,,,Control,WT,unknown,,N/A,JAX,N/A,Y,,Shipped,N/A,N,M,N,"UC Berkeley, Wilbrecht Lab",Aspen,Dark,Bioserv,20.0,Kaytee,,Albert Ader,12:12:00,Y,Y,Y,22:00,,,Y,Control,False,M,O4_errors,0.0
Example_Animal_09,example_animal_09_four_choice.xlsx,JAX C57,2026-07-10,,Control,WT,unknown,,N/A,JAX,N/A,Y,,Shipped,N/A,N,M,N,"UC Berkeley, Wilbrecht Lab",Aspen,Dark,Bioserv,20.0,Kaytee,,Han-Ning Lu,12:12:00,Y,Y,Y,22:00,,,Y,Control,False,M,O4_errors,1.0
Example_Animal_10,example_animal_10_four_choice.xlsx,JAX C57,,,Control,WT,unknown,,N/A,JAX,N/A,Y,,Shipped,N/A,N,M,N,"UC Berkeley, Wilbrecht Lab",Aspen,Dark,Bioserv,20.0,Kaytee,,Albert Ader,12:12:00,Y,Y,Y,22:00,,,Y,Control,False,M,O4_errors,2.0
Example_Animal_11,example_animal_11_four_choice.xlsx,JAX C57,2026-07-10,,Control,WT,unknown,,N/A,JAX,N/A,Y,,Shipped,N/A,N,M,N,"UC Berkeley, Wilbrecht Lab",Aspen,Dark,Bioserv,20.0,Kaytee,,Han-Ning Lu,12:12:00,Y,Y,Y,22:00,,,Y,Control,False,M,O4_errors,1.0
Example_Animal_01,example_animal_01_four_choice.xlsx,C57BL/6,2026-06-26,2.0,Control,Wildtype,Unknown,Not observed,N/A,Jackson/NIH,Unknown,Y,ARC,Shipped,21,Y,M,N,"Zuo Lab, UCSC",Aspen,Light Phase,Bio-Serv Pellets,20.0,Kaytee,Unknown,Aria,8:8,N,N,N,08:00,3.7 inches,Teklad 2920X,Y,Control,False,,recall_mean_entries,5.25
Example_Animal_02,example_animal_02_four_choice.xlsx,C57BL/6,2026-06-26,2.0,Control,Wildtype,Unknown,Not observed,N/A,Jackson/NIH,Unknown,Y,ARC,Shipped,21,Y,M,N,"Zuo Lab, UCSC",Aspen,Light Phase,Bio-Serv Pellets,20.0,Kaytee,Unknown,Aria,8:8,N,N,N,08:00,3.7 inches,Teklad 2920X,Y,Control,False,,recall_mean_entries,2.4444444444444446
Example_Animal_03,example_animal_03_four_choice.xlsx,,,,Food Restriction,,,,,Jackson,,,,Shipped,,,M,,Wilbrecht; UC Berkeley,Aspen,Dark,Cheerio,,Kaytee,,Han-Ning Lu,10:10:00,N,Y,Y,22:00,,,,Food Restriction,False,M,recall_mean_entries,7.909090909090909
Example_Animal_04,example_animal_04_four_choice.xlsx,JAX C57,,,Control,WT,unknown,,N/A,JAX,N/A,Y,,Shipped,N/A,N,M,N,"UC Berkeley, Wilbrecht Lab",Aspen,Dark,Bioserv,20.0,Kaytee,,Albert Ader,12:12:00,Y,Y,Y,22:00,,,Y,Control,False,M,recall_mean_entries,6.131578947368421
Example_Animal_05,example_animal_05_four_choice.xlsx,JAX C57,2026-06-30,,Control,WT,unknown,,N/A,JAX,N/A,Y,,Shipped,N/A,N,M,N,"UC Berkeley, Wilbrecht Lab",Aspen,Dark,Bioserv,20.0,Kaytee,,Han-Ning Lu,12:12:00,Y,Y,Y,22:00,,,Y,Control,False,M,recall_mean_entries,8.6
Example_Animal_06,example_animal_06_four_choice.xlsx,JAX C57,2026-06-30,,Control,WT,unknown,,N/A,JAX,N/A,Y,,Shipped,N/A,N,M,N,"UC Berkeley, Wilbrecht Lab",Aspen,Dark,Bioserv,20.0,Kaytee,,Han-Ning Lu,12:12:00,Y,Y,Y,22:00,,,Y,Control,False,M,recall_mean_entries,3.090909090909091
Example_Animal_07,example_animal_07_four_choice.xlsx,JAX C57,2026-07-10,,Control,WT,unknown,,N/A,JAX,N/A,Y,,Shipped,N/A,N,M,N,"UC Berkeley, Wilbrecht Lab",Aspen,Dark,Bioserv,20.0,Kaytee,,Han-Ning Lu,12:12:00,Y,Y,Y,22:00,,,Y,Control,False,M,recall_mean_entries,4.309523809523809
Example_Animal_08,example_animal_08_four_choice.xlsx,JAX C57,,,Control,WT,unknown,,N/A,JAX,N/A,Y,,Shipped,N/A,N,M,N,"UC Berkeley, Wilbrecht Lab",Aspen,Dark,Bioserv,20.0,Kaytee,,Albert Ader,12:12:00,Y,Y,Y,22:00,,,Y,Control,False,M,recall_mean_entries,7.6
Example_Animal_09,example_animal_09_four_choice.xlsx,JAX C57,2026-07-10,,Control,WT,unknown,,N/A,JAX,N/A,Y,,Shipped,N/A,N,M,N,"UC Berkeley, Wilbrecht Lab",Aspen,Dark,Bioserv,20.0,Kaytee,,Han-Ning Lu,12:12:00,Y,Y,Y,22:00,,,Y,Control,False,M,recall_mean_entries,5.3125
Example_Animal_10,example_animal_10_four_choice.xlsx,JAX C57,,,Control,WT,unknown,,N/A,JAX,N/A,Y,,Shipped,N/A,N,M,N,"UC Berkeley, Wilbrecht Lab",Aspen,Dark,Bioserv,20.0,Kaytee,,Albert Ader,12:12:00,Y,Y,Y,22:00,,,Y,Control,False,M,recall_mean_entries,2.9444444444444446
Example_Animal_11,example_animal_11_four_choice.xlsx,JAX C57,2026-07-10,,Control,WT,unknown,,N/A,JAX,N/A,Y,,Shipped,N/A,N,M,N,"UC Berkeley, Wilbrecht Lab",Aspen,Dark,Bioserv,20.0,Kaytee,,Han-Ning Lu,12:12:00,Y,Y,Y,22:00,,,Y,Control,False,M,recall_mean_entries,2.8214285714285716
Example_Animal_01,example_animal_01_four_choice.xlsx,C57BL/6,2026-06-26,2.0,Control,Wildtype,Unknown,Not observed,N/A,Jackson/NIH,Unknown,Y,ARC,Shipped,21,Y,M,N,"Zuo Lab, UCSC",Aspen,Light Phase,Bio-Serv Pellets,20.0,Kaytee,Unknown,Aria,8:8,N,N,N,08:00,3.7 inches,Teklad 2920X,Y,Control,False,,rev_mean_entries,3.25
Example_Animal_02,example_animal_02_four_choice.xlsx,C57BL/6,2026-06-26,2.0,Control,Wildtype,Unknown,Not observed,N/A,Jackson/NIH,Unknown,Y,ARC,Shipped,21,Y,M,N,"Zuo Lab, UCSC",Aspen,Light Phase,Bio-Serv Pellets,20.0,Kaytee,Unknown,Aria,8:8,N,N,N,08:00,3.7 inches,Teklad 2920X,Y,Control,False,,rev_mean_entries,2.230769230769231
Example_Animal_03,example_animal_03_four_choice.xlsx,,,,Food Restriction,,,,,Jackson,,,,Shipped,,,M,,Wilbrecht; UC Berkeley,Aspen,Dark,Cheerio,,Kaytee,,Han-Ning Lu,10:10:00,N,Y,Y,22:00,,,,Food Restriction,False,M,rev_mean_entries,3.4791666666666665
Example_Animal_04,example_animal_04_four_choice.xlsx,JAX C57,,,Control,WT,unknown,,N/A,JAX,N/A,Y,,Shipped,N/A,N,M,N,"UC Berkeley, Wilbrecht Lab",Aspen,Dark,Bioserv,20.0,Kaytee,,Albert Ader,12:12:00,Y,Y,Y,22:00,,,Y,Control,False,M,rev_mean_entries,2.156862745098039
Example_Animal_05,example_animal_05_four_choice.xlsx,JAX C57,2026-06-30,,Control,WT,unknown,,N/A,JAX,N/A,Y,,Shipped,N/A,N,M,N,"UC Berkeley, Wilbrecht Lab",Aspen,Dark,Bioserv,20.0,Kaytee,,Han-Ning Lu,12:12:00,Y,Y,Y,22:00,,,Y,Control,False,M,rev_mean_entries,3.1666666666666665
Example_Animal_06,example_animal_06_four_choice.xlsx,JAX C57,2026-06-30,,Control,WT,unknown,,N/A,JAX,N/A,Y,,Shipped,N/A,N,M,N,"UC Berkeley, Wilbrecht Lab",Aspen,Dark,Bioserv,20.0,Kaytee,,Han-Ning Lu,12:12:00,Y,Y,Y,22:00,,,Y,Control,False,M,rev_mean_entries,4.147540983606557
Example_Animal_07,example_animal_07_four_choice.xlsx,JAX C57,2026-07-10,,Control,WT,unknown,,N/A,JAX,N/A,Y,,Shipped,N/A,N,M,N,"UC Berkeley, Wilbrecht Lab",Aspen,Dark,Bioserv,20.0,Kaytee,,Han-Ning Lu,12:12:00,Y,Y,Y,22:00,,,Y,Control,False,M,rev_mean_entries,5.038461538461538
Example_Animal_08,example_animal_08_four_choice.xlsx,JAX C57,,,Control,WT,unknown,,N/A,JAX,N/A,Y,,Shipped,N/A,N,M,N,"UC Berkeley, Wilbrecht Lab",Aspen,Dark,Bioserv,20.0,Kaytee,,Albert Ader,12:12:00,Y,Y,Y,22:00,,,Y,Control,False,M,rev_mean_entries,4.133333333333334
Example_Animal_09,example_animal_09_four_choice.xlsx,JAX C57,2026-07-10,,Control,WT,unknown,,N/A,JAX,N/A,Y,,Shipped,N/A,N,M,N,"UC Berkeley, Wilbrecht Lab",Aspen,Dark,Bioserv,20.0,Kaytee,,Han-Ning Lu,12:12:00,Y,Y,Y,22:00,,,Y,Control,False,M,rev_mean_entries,2.6470588235294117
Example_Animal_10,example_animal_10_four_choice.xlsx,JAX C57,,,Control,WT,unknown,,N/A,JAX,N/A,Y,,Shipped,N/A,N,M,N,"UC Berkeley, Wilbrecht Lab",Aspen,Dark,Bioserv,20.0,Kaytee,,Albert Ader,12:12:00,Y,Y,Y,22:00,,,Y,Control,False,M,rev_mean_entries,4.385964912280702
Example_Animal_11,example_animal_11_four_choice.xlsx,JAX C57,2026-07-10,,Control,WT,unknown,,N/A,JAX,N/A,Y,,Shipped,N/A,N,M,N,"UC Berkeley, Wilbrecht Lab",Aspen,Dark,Bioserv,20.0,Kaytee,,Han-Ning Lu,12:12:00,Y,Y,Y,22:00,,,Y,Control,False,M,rev_mean_entries,3.642857142857143
Example_Animal_01,example_animal_01_four_choice.xlsx,C57BL/6,2026-06-26,2.0,Control,Wildtype,Unknown,Not observed,N/A,Jackson/NIH,Unknown,Y,ARC,Shipped,21,Y,M,N,"Zuo Lab, UCSC",Aspen,Light Phase,Bio-Serv Pellets,20.0,Kaytee,Unknown,Aria,8:8,N,N,N,08:00,3.7 inches,Teklad 2920X,Y,Control,False,,rev_total_entries,65.0
Example_Animal_02,example_animal_02_four_choice.xlsx,C57BL/6,2026-06-26,2.0,Control,Wildtype,Unknown,Not observed,N/A,Jackson/NIH,Unknown,Y,ARC,Shipped,21,Y,M,N,"Zuo Lab, UCSC",Aspen,Light Phase,Bio-Serv Pellets,20.0,Kaytee,Unknown,Aria,8:8,N,N,N,08:00,3.7 inches,Teklad 2920X,Y,Control,False,,rev_total_entries,29.0
Example_Animal_03,example_animal_03_four_choice.xlsx,,,,Food Restriction,,,,,Jackson,,,,Shipped,,,M,,Wilbrecht; UC Berkeley,Aspen,Dark,Cheerio,,Kaytee,,Han-Ning Lu,10:10:00,N,Y,Y,22:00,,,,Food Restriction,False,M,rev_total_entries,167.0
Example_Animal_04,example_animal_04_four_choice.xlsx,JAX C57,,,Control,WT,unknown,,N/A,JAX,N/A,Y,,Shipped,N/A,N,M,N,"UC Berkeley, Wilbrecht Lab",Aspen,Dark,Bioserv,20.0,Kaytee,,Albert Ader,12:12:00,Y,Y,Y,22:00,,,Y,Control,False,M,rev_total_entries,110.0
Example_Animal_05,example_animal_05_four_choice.xlsx,JAX C57,2026-06-30,,Control,WT,unknown,,N/A,JAX,N/A,Y,,Shipped,N/A,N,M,N,"UC Berkeley, Wilbrecht Lab",Aspen,Dark,Bioserv,20.0,Kaytee,,Han-Ning Lu,12:12:00,Y,Y,Y,22:00,,,Y,Control,False,M,rev_total_entries,95.0
Example_Animal_06,example_animal_06_four_choice.xlsx,JAX C57,2026-06-30,,Control,WT,unknown,,N/A,JAX,N/A,Y,,Shipped,N/A,N,M,N,"UC Berkeley, Wilbrecht Lab",Aspen,Dark,Bioserv,20.0,Kaytee,,Han-Ning Lu,12:12:00,Y,Y,Y,22:00,,,Y,Control,False,M,rev_total_entries,253.0
Example_Animal_07,example_animal_07_four_choice.xlsx,JAX C57,2026-07-10,,Control,WT,unknown,,N/A,JAX,N/A,Y,,Shipped,N/A,N,M,N,"UC Berkeley, Wilbrecht Lab",Aspen,Dark,Bioserv,20.0,Kaytee,,Han-Ning Lu,12:12:00,Y,Y,Y,22:00,,,Y,Control,False,M,rev_total_entries,262.0
Example_Animal_08,example_animal_08_four_choice.xlsx,JAX C57,,,Control,WT,unknown,,N/A,JAX,N/A,Y,,Shipped,N/A,N,M,N,"UC Berkeley, Wilbrecht Lab",Aspen,Dark,Bioserv,20.0,Kaytee,,Albert Ader,12:12:00,Y,Y,Y,22:00,,,Y,Control,False,M,rev_total_entries,124.0
Example_Animal_09,example_animal_09_four_choice.xlsx,JAX C57,2026-07-10,,Control,WT,unknown,,N/A,JAX,N/A,Y,,Shipped,N/A,N,M,N,"UC Berkeley, Wilbrecht Lab",Aspen,Dark,Bioserv,20.0,Kaytee,,Han-Ning Lu,12:12:00,Y,Y,Y,22:00,,,Y,Control,False,M,rev_total_entries,90.0
Example_Animal_10,example_animal_10_four_choice.xlsx,JAX C57,,,Control,WT,unknown,,N/A,JAX,N/A,Y,,Shipped,N/A,N,M,N,"UC Berkeley, Wilbrecht Lab",Aspen,Dark,Bioserv,20.0,Kaytee,,Albert Ader,12:12:00,Y,Y,Y,22:00,,,Y,Control,False,M,rev_total_entries,250.0
Example_Animal_11,example_animal_11_four_choice.xlsx,JAX C57,2026-07-10,,Control,WT,unknown,,N/A,JAX,N/A,Y,,Shipped,N/A,N,M,N,"UC Berkeley, Wilbrecht Lab",Aspen,Dark,Bioserv,20.0,Kaytee,,Han-Ning Lu,12:12:00,Y,Y,Y,22:00,,,Y,Control,False,M,rev_total_entries,204.0
Example_Animal_01,example_animal_01_four_choice.xlsx,C57BL/6,2026-06-26,2.0,Control,Wildtype,Unknown,Not observed,N/A,Jackson/NIH,Unknown,Y,ARC,Shipped,21,Y,M,N,"Zuo Lab, UCSC",Aspen,Light Phase,Bio-Serv Pellets,20.0,Kaytee,Unknown,Aria,8:8,N,N,N,08:00,3.7 inches,Teklad 2920X,Y,Control,False,,rev_mean_latency_sec,13.1
Example_Animal_02,example_animal_02_four_choice.xlsx,C57BL/6,2026-06-26,2.0,Control,Wildtype,Unknown,Not observed,N/A,Jackson/NIH,Unknown,Y,ARC,Shipped,21,Y,M,N,"Zuo Lab, UCSC",Aspen,Light Phase,Bio-Serv Pellets,20.0,Kaytee,Unknown,Aria,8:8,N,N,N,08:00,3.7 inches,Teklad 2920X,Y,Control,False,,rev_mean_latency_sec,13.461538461538462
Example_Animal_03,example_animal_03_four_choice.xlsx,,,,Food Restriction,,,,,Jackson,,,,Shipped,,,M,,Wilbrecht; UC Berkeley,Aspen,Dark,Cheerio,,Kaytee,,Han-Ning Lu,10:10:00,N,Y,Y,22:00,,,,Food Restriction,False,M,rev_mean_latency_sec,31.75
Example_Animal_04,example_animal_04_four_choice.xlsx,JAX C57,,,Control,WT,unknown,,N/A,JAX,N/A,Y,,Shipped,N/A,N,M,N,"UC Berkeley, Wilbrecht Lab",Aspen,Dark,Bioserv,20.0,Kaytee,,Albert Ader,12:12:00,Y,Y,Y,22:00,,,Y,Control,False,M,rev_mean_latency_sec,12.372549019607844
Example_Animal_05,example_animal_05_four_choice.xlsx,JAX C57,2026-06-30,,Control,WT,unknown,,N/A,JAX,N/A,Y,,Shipped,N/A,N,M,N,"UC Berkeley, Wilbrecht Lab",Aspen,Dark,Bioserv,20.0,Kaytee,,Han-Ning Lu,12:12:00,Y,Y,Y,22:00,,,Y,Control,False,M,rev_mean_latency_sec,15.7
Example_Animal_06,example_animal_06_four_choice.xlsx,JAX C57,2026-06-30,,Control,WT,unknown,,N/A,JAX,N/A,Y,,Shipped,N/A,N,M,N,"UC Berkeley, Wilbrecht Lab",Aspen,Dark,Bioserv,20.0,Kaytee,,Han-Ning Lu,12:12:00,Y,Y,Y,22:00,,,Y,Control,False,M,rev_mean_latency_sec,25.049180327868854
Example_Animal_07,example_animal_07_four_choice.xlsx,JAX C57,2026-07-10,,Control,WT,unknown,,N/A,JAX,N/A,Y,,Shipped,N/A,N,M,N,"UC Berkeley, Wilbrecht Lab",Aspen,Dark,Bioserv,20.0,Kaytee,,Han-Ning Lu,12:12:00,Y,Y,Y,22:00,,,Y,Control,False,M,rev_mean_latency_sec,36.78846153846154
Example_Animal_08,example_animal_08_four_choice.xlsx,JAX C57,,,Control,WT,unknown,,N/A,JAX,N/A,Y,,Shipped,N/A,N,M,N,"UC Berkeley, Wilbrecht Lab",Aspen,Dark,Bioserv,20.0,Kaytee,,Albert Ader,12:12:00,Y,Y,Y,22:00,,,Y,Control,False,M,rev_mean_latency_sec,35.206896551724135
Example_Animal_09,example_animal_09_four_choice.xlsx,JAX C57,2026-07-10,,Control,WT,unknown,,N/A,JAX,N/A,Y,,Shipped,N/A,N,M,N,"UC Berkeley, Wilbrecht Lab",Aspen,Dark,Bioserv,20.0,Kaytee,,Han-Ning Lu,12:12:00,Y,Y,Y,22:00,,,Y,Control,False,M,rev_mean_latency_sec,9.794117647058824
Example_Animal_10,example_animal_10_four_choice.xlsx,JAX C57,,,Control,WT,unknown,,N/A,JAX,N/A,Y,,Shipped,N/A,N,M,N,"UC Berkeley, Wilbrecht Lab",Aspen,Dark,Bioserv,20.0,Kaytee,,Albert Ader,12:12:00,Y,Y,Y,22:00,,,Y,Control,False,M,rev_mean_latency_sec,25.87037037037037
Example_Animal_11,example_animal_11_four_choice.xlsx,JAX C57,2026-07-10,,Control,WT,unknown,,N/A,JAX,N/A,Y,,Shipped,N/A,N,M,N,"UC Berkeley, Wilbrecht Lab",Aspen,Dark,Bioserv,20.0,Kaytee,,Han-Ning Lu,12:12:00,Y,Y,Y,22:00,,,Y,Control,False,M,rev_mean_latency_sec,21.589285714285715
Example_Animal_01,example_animal_01_four_choice.xlsx,C57BL/6,2026-06-26,2.0,Control,Wildtype,Unknown,Not observed,N/A,Jackson/NIH,Unknown,Y,ARC,Shipped,21,Y,M,N,"Zuo Lab, UCSC",Aspen,Light Phase,Bio-Serv Pellets,20.0,Kaytee,Unknown,Aria,8:8,N,N,N,08:00,3.7 inches,Teklad 2920X,Y,Control,False,,rev_mean_latency_correct_sec,11.583333333333334
Example_Animal_02,example_animal_02_four_choice.xlsx,C57BL/6,2026-06-26,2.0,Control,Wildtype,Unknown,Not observed,N/A,Jackson/NIH,Unknown,Y,ARC,Shipped,21,Y,M,N,"Zuo Lab, UCSC",Aspen,Light Phase,Bio-Serv Pellets,20.0,Kaytee,Unknown,Aria,8:8,N,N,N,08:00,3.7 inches,Teklad 2920X,Y,Control,False,,rev_mean_latency_correct_sec,10.444444444444445
Example_Animal_03,example_animal_03_four_choice.xlsx,,,,Food Restriction,,,,,Jackson,,,,Shipped,,,M,,Wilbrecht; UC Berkeley,Aspen,Dark,Cheerio,,Kaytee,,Han-Ning Lu,10:10:00,N,Y,Y,22:00,,,,Food Restriction,False,M,rev_mean_latency_correct_sec,28.291666666666668
Example_Animal_04,example_animal_04_four_choice.xlsx,JAX C57,,,Control,WT,unknown,,N/A,JAX,N/A,Y,,Shipped,N/A,N,M,N,"UC Berkeley, Wilbrecht Lab",Aspen,Dark,Bioserv,20.0,Kaytee,,Albert Ader,12:12:00,Y,Y,Y,22:00,,,Y,Control,False,M,rev_mean_latency_correct_sec,9.25
Example_Animal_05,example_animal_05_four_choice.xlsx,JAX C57,2026-06-30,,Control,WT,unknown,,N/A,JAX,N/A,Y,,Shipped,N/A,N,M,N,"UC Berkeley, Wilbrecht Lab",Aspen,Dark,Bioserv,20.0,Kaytee,,Han-Ning Lu,12:12:00,Y,Y,Y,22:00,,,Y,Control,False,M,rev_mean_latency_correct_sec,12.2
Example_Animal_06,example_animal_06_four_choice.xlsx,JAX C57,2026-06-30,,Control,WT,unknown,,N/A,JAX,N/A,Y,,Shipped,N/A,N,M,N,"UC Berkeley, Wilbrecht Lab",Aspen,Dark,Bioserv,20.0,Kaytee,,Han-Ning Lu,12:12:00,Y,Y,Y,22:00,,,Y,Control,False,M,rev_mean_latency_correct_sec,15.214285714285714
Example_Animal_07,example_animal_07_four_choice.xlsx,JAX C57,2026-07-10,,Control,WT,unknown,,N/A,JAX,N/A,Y,,Shipped,N/A,N,M,N,"UC Berkeley, Wilbrecht Lab",Aspen,Dark,Bioserv,20.0,Kaytee,,Han-Ning Lu,12:12:00,Y,Y,Y,22:00,,,Y,Control,False,M,rev_mean_latency_correct_sec,14.277777777777779
Example_Animal_08,example_animal_08_four_choice.xlsx,JAX C57,,,Control,WT,unknown,,N/A,JAX,N/A,Y,,Shipped,N/A,N,M,N,"UC Berkeley, Wilbrecht Lab",Aspen,Dark,Bioserv,20.0,Kaytee,,Albert Ader,12:12:00,Y,Y,Y,22:00,,,Y,Control,False,M,rev_mean_latency_correct_sec,45.705882352941174
Example_Animal_09,example_animal_09_four_choice.xlsx,JAX C57,2026-07-10,,Control,WT,unknown,,N/A,JAX,N/A,Y,,Shipped,N/A,N,M,N,"UC Berkeley, Wilbrecht Lab",Aspen,Dark,Bioserv,20.0,Kaytee,,Han-Ning Lu,12:12:00,Y,Y,Y,22:00,,,Y,Control,False,M,rev_mean_latency_correct_sec,10.0625
Example_Animal_10,example_animal_10_four_choice.xlsx,JAX C57,,,Control,WT,unknown,,N/A,JAX,N/A,Y,,Shipped,N/A,N,M,N,"UC Berkeley, Wilbrecht Lab",Aspen,Dark,Bioserv,20.0,Kaytee,,Albert Ader,12:12:00,Y,Y,Y,22:00,,,Y,Control,False,M,rev_mean_latency_correct_sec,9.842105263157896
Example_Animal_11,example_animal_11_four_choice.xlsx,JAX C57,2026-07-10,,Control,WT,unknown,,N/A,JAX,N/A,Y,,Shipped,N/A,N,M,N,"UC Berkeley, Wilbrecht Lab",Aspen,Dark,Bioserv,20.0,Kaytee,,Han-Ning Lu,12:12:00,Y,Y,Y,22:00,,,Y,Control,False,M,rev_mean_latency_correct_sec,11.75
Example_Animal_01,example_animal_01_four_choice.xlsx,C57BL/6,2026-06-26,2.0,Control,Wildtype,Unknown,Not observed,N/A,Jackson/NIH,Unknown,Y,ARC,Shipped,21,Y,M,N,"Zuo Lab, UCSC",Aspen,Light Phase,Bio-Serv Pellets,20.0,Kaytee,Unknown,Aria,8:8,N,N,N,08:00,3.7 inches,Teklad 2920X,Y,Control,False,,rev_mean_latency_incorrect_sec,15.375
Example_Animal_02,example_animal_02_four_choice.xlsx,C57BL/6,2026-06-26,2.0,Control,Wildtype,Unknown,Not observed,N/A,Jackson/NIH,Unknown,Y,ARC,Shipped,21,Y,M,N,"Zuo Lab, UCSC",Aspen,Light Phase,Bio-Serv Pellets,20.0,Kaytee,Unknown,Aria,8:8,N,N,N,08:00,3.7 inches,Teklad 2920X,Y,Control,False,,rev_mean_latency_incorrect_sec,20.25
Example_Animal_03,example_animal_03_four_choice.xlsx,,,,Food Restriction,,,,,Jackson,,,,Shipped,,,M,,Wilbrecht; UC Berkeley,Aspen,Dark,Cheerio,,Kaytee,,Han-Ning Lu,10:10:00,N,Y,Y,22:00,,,,Food Restriction,False,M,rev_mean_latency_incorrect_sec,28.91304347826087
Example_Animal_04,example_animal_04_four_choice.xlsx,JAX C57,,,Control,WT,unknown,,N/A,JAX,N/A,Y,,Shipped,N/A,N,M,N,"UC Berkeley, Wilbrecht Lab",Aspen,Dark,Bioserv,20.0,Kaytee,,Albert Ader,12:12:00,Y,Y,Y,22:00,,,Y,Control,False,M,rev_mean_latency_incorrect_sec,16.17391304347826
Example_Animal_05,example_animal_05_four_choice.xlsx,JAX C57,2026-06-30,,Control,WT,unknown,,N/A,JAX,N/A,Y,,Shipped,N/A,N,M,N,"UC Berkeley, Wilbrecht Lab",Aspen,Dark,Bioserv,20.0,Kaytee,,Han-Ning Lu,12:12:00,Y,Y,Y,22:00,,,Y,Control,False,M,rev_mean_latency_incorrect_sec,19.2
Example_Animal_06,example_animal_06_four_choice.xlsx,JAX C57,2026-06-30,,Control,WT,unknown,,N/A,JAX,N/A,Y,,Shipped,N/A,N,M,N,"UC Berkeley, Wilbrecht Lab",Aspen,Dark,Bioserv,20.0,Kaytee,,Han-Ning Lu,12:12:00,Y,Y,Y,22:00,,,Y,Control,False,M,rev_mean_latency_incorrect_sec,21.22222222222222
Example_Animal_07,example_animal_07_four_choice.xlsx,JAX C57,2026-07-10,,Control,WT,unknown,,N/A,JAX,N/A,Y,,Shipped,N/A,N,M,N,"UC Berkeley, Wilbrecht Lab",Aspen,Dark,Bioserv,20.0,Kaytee,,Han-Ning Lu,12:12:00,Y,Y,Y,22:00,,,Y,Control,False,M,rev_mean_latency_incorrect_sec,26.06896551724138
Example_Animal_08,example_animal_08_four_choice.xlsx,JAX C57,,,Control,WT,unknown,,N/A,JAX,N/A,Y,,Shipped,N/A,N,M,N,"UC Berkeley, Wilbrecht Lab",Aspen,Dark,Bioserv,20.0,Kaytee,,Albert Ader,12:12:00,Y,Y,Y,22:00,,,Y,Control,False,M,rev_mean_latency_incorrect_sec,20.333333333333332
Example_Animal_09,example_animal_09_four_choice.xlsx,JAX C57,2026-07-10,,Control,WT,unknown,,N/A,JAX,N/A,Y,,Shipped,N/A,N,M,N,"UC Berkeley, Wilbrecht Lab",Aspen,Dark,Bioserv,20.0,Kaytee,,Han-Ning Lu,12:12:00,Y,Y,Y,22:00,,,Y,Control,False,M,rev_mean_latency_incorrect_sec,9.555555555555555
Example_Animal_10,example_animal_10_four_choice.xlsx,JAX C57,,,Control,WT,unknown,,N/A,JAX,N/A,Y,,Shipped,N/A,N,M,N,"UC Berkeley, Wilbrecht Lab",Aspen,Dark,Bioserv,20.0,Kaytee,,Albert Ader,12:12:00,Y,Y,Y,22:00,,,Y,Control,False,M,rev_mean_latency_incorrect_sec,25.757575757575758
Example_Animal_11,example_animal_11_four_choice.xlsx,JAX C57,2026-07-10,,Control,WT,unknown,,N/A,JAX,N/A,Y,,Shipped,N/A,N,M,N,"UC Berkeley, Wilbrecht Lab",Aspen,Dark,Bioserv,20.0,Kaytee,,Han-Ning Lu,12:12:00,Y,Y,Y,22:00,,,Y,Control,False,M,rev_mean_latency_incorrect_sec,22.685714285714287
Example_Animal_01,example_animal_01_four_choice.xlsx,C57BL/6,2026-06-26,2.0,Control,Wildtype,Unknown,Not observed,N/A,Jackson/NIH,Unknown,Y,ARC,Shipped,21,Y,M,N,"Zuo Lab, UCSC",Aspen,Light Phase,Bio-Serv Pellets,20.0,Kaytee,Unknown,Aria,8:8,N,N,N,08:00,3.7 inches,Teklad 2920X,Y,Control,False,,rev_mean_entries_correct,2.75
Example_Animal_02,example_animal_02_four_choice.xlsx,C57BL/6,2026-06-26,2.0,Control,Wildtype,Unknown,Not observed,N/A,Jackson/NIH,Unknown,Y,ARC,Shipped,21,Y,M,N,"Zuo Lab, UCSC",Aspen,Light Phase,Bio-Serv Pellets,20.0,Kaytee,Unknown,Aria,8:8,N,N,N,08:00,3.7 inches,Teklad 2920X,Y,Control,False,,rev_mean_entries_correct,2.0
Example_Animal_03,example_animal_03_four_choice.xlsx,,,,Food Restriction,,,,,Jackson,,,,Shipped,,,M,,Wilbrecht; UC Berkeley,Aspen,Dark,Cheerio,,Kaytee,,Han-Ning Lu,10:10:00,N,Y,Y,22:00,,,,Food Restriction,False,M,rev_mean_entries_correct,3.2916666666666665
Example_Animal_04,example_animal_04_four_choice.xlsx,JAX C57,,,Control,WT,unknown,,N/A,JAX,N/A,Y,,Shipped,N/A,N,M,N,"UC Berkeley, Wilbrecht Lab",Aspen,Dark,Bioserv,20.0,Kaytee,,Albert Ader,12:12:00,Y,Y,Y,22:00,,,Y,Control,False,M,rev_mean_entries_correct,1.8214285714285714
Example_Animal_05,example_animal_05_four_choice.xlsx,JAX C57,2026-06-30,,Control,WT,unknown,,N/A,JAX,N/A,Y,,Shipped,N/A,N,M,N,"UC Berkeley, Wilbrecht Lab",Aspen,Dark,Bioserv,20.0,Kaytee,,Han-Ning Lu,12:12:00,Y,Y,Y,22:00,,,Y,Control,False,M,rev_mean_entries_correct,2.0
Example_Animal_06,example_animal_06_four_choice.xlsx,JAX C57,2026-06-30,,Control,WT,unknown,,N/A,JAX,N/A,Y,,Shipped,N/A,N,M,N,"UC Berkeley, Wilbrecht Lab",Aspen,Dark,Bioserv,20.0,Kaytee,,Han-Ning Lu,12:12:00,Y,Y,Y,22:00,,,Y,Control,False,M,rev_mean_entries_correct,4.0
Example_Animal_07,example_animal_07_four_choice.xlsx,JAX C57,2026-07-10,,Control,WT,unknown,,N/A,JAX,N/A,Y,,Shipped,N/A,N,M,N,"UC Berkeley, Wilbrecht Lab",Aspen,Dark,Bioserv,20.0,Kaytee,,Han-Ning Lu,12:12:00,Y,Y,Y,22:00,,,Y,Control,False,M,rev_mean_entries_correct,2.5
Example_Animal_08,example_animal_08_four_choice.xlsx,JAX C57,,,Control,WT,unknown,,N/A,JAX,N/A,Y,,Shipped,N/A,N,M,N,"UC Berkeley, Wilbrecht Lab",Aspen,Dark,Bioserv,20.0,Kaytee,,Albert Ader,12:12:00,Y,Y,Y,22:00,,,Y,Control,False,M,rev_mean_entries_correct,4.777777777777778
Example_Animal_09,example_animal_09_four_choice.xlsx,JAX C57,2026-07-10,,Control,WT,unknown,,N/A,JAX,N/A,Y,,Shipped,N/A,N,M,N,"UC Berkeley, Wilbrecht Lab",Aspen,Dark,Bioserv,20.0,Kaytee,,Han-Ning Lu,12:12:00,Y,Y,Y,22:00,,,Y,Control,False,M,rev_mean_entries_correct,3.0
Example_Animal_10,example_animal_10_four_choice.xlsx,JAX C57,,,Control,WT,unknown,,N/A,JAX,N/A,Y,,Shipped,N/A,N,M,N,"UC Berkeley, Wilbrecht Lab",Aspen,Dark,Bioserv,20.0,Kaytee,,Albert Ader,12:12:00,Y,Y,Y,22:00,,,Y,Control,False,M,rev_mean_entries_correct,2.0526315789473686
Example_Animal_11,example_animal_11_four_choice.xlsx,JAX C57,2026-07-10,,Control,WT,unknown,,N/A,JAX,N/A,Y,,Shipped,N/A,N,M,N,"UC Berkeley, Wilbrecht Lab",Aspen,Dark,Bioserv,20.0,Kaytee,,Han-Ning Lu,12:12:00,Y,Y,Y,22:00,,,Y,Control,False,M,rev_mean_entries_correct,2.3
Example_Animal_01,example_animal_01_four_choice.xlsx,C57BL/6,2026-06-26,2.0,Control,Wildtype,Unknown,Not observed,N/A,Jackson/NIH,Unknown,Y,ARC,Shipped,21,Y,M,N,"Zuo Lab, UCSC",Aspen,Light Phase,Bio-Serv Pellets,20.0,Kaytee,Unknown,Aria,8:8,N,N,N,08:00,3.7 inches,Teklad 2920X,Y,Control,False,,rev_mean_entries_incorrect,4.0
Example_Animal_02,example_animal_02_four_choice.xlsx,C57BL/6,2026-06-26,2.0,Control,Wildtype,Unknown,Not observed,N/A,Jackson/NIH,Unknown,Y,ARC,Shipped,21,Y,M,N,"Zuo Lab, UCSC",Aspen,Light Phase,Bio-Serv Pellets,20.0,Kaytee,Unknown,Aria,8:8,N,N,N,08:00,3.7 inches,Teklad 2920X,Y,Control,False,,rev_mean_entries_incorrect,2.75
Example_Animal_03,example_animal_03_four_choice.xlsx,,,,Food Restriction,,,,,Jackson,,,,Shipped,,,M,,Wilbrecht; UC Berkeley,Aspen,Dark,Cheerio,,Kaytee,,Han-Ning Lu,10:10:00,N,Y,Y,22:00,,,,Food Restriction,False,M,rev_mean_entries_incorrect,3.652173913043478
Example_Animal_04,example_animal_04_four_choice.xlsx,JAX C57,,,Control,WT,unknown,,N/A,JAX,N/A,Y,,Shipped,N/A,N,M,N,"UC Berkeley, Wilbrecht Lab",Aspen,Dark,Bioserv,20.0,Kaytee,,Albert Ader,12:12:00,Y,Y,Y,22:00,,,Y,Control,False,M,rev_mean_entries_incorrect,2.5652173913043477
Example_Animal_05,example_animal_05_four_choice.xlsx,JAX C57,2026-06-30,,Control,WT,unknown,,N/A,JAX,N/A,Y,,Shipped,N/A,N,M,N,"UC Berkeley, Wilbrecht Lab",Aspen,Dark,Bioserv,20.0,Kaytee,,Han-Ning Lu,12:12:00,Y,Y,Y,22:00,,,Y,Control,False,M,rev_mean_entries_incorrect,4.333333333333333
Example_Animal_06,example_animal_06_four_choice.xlsx,JAX C57,2026-06-30,,Control,WT,unknown,,N/A,JAX,N/A,Y,,Shipped,N/A,N,M,N,"UC Berkeley, Wilbrecht Lab",Aspen,Dark,Bioserv,20.0,Kaytee,,Han-Ning Lu,12:12:00,Y,Y,Y,22:00,,,Y,Control,False,M,rev_mean_entries_incorrect,3.8
Example_Animal_07,example_animal_07_four_choice.xlsx,JAX C57,2026-07-10,,Control,WT,unknown,,N/A,JAX,N/A,Y,,Shipped,N/A,N,M,N,"UC Berkeley, Wilbrecht Lab",Aspen,Dark,Bioserv,20.0,Kaytee,,Han-Ning Lu,12:12:00,Y,Y,Y,22:00,,,Y,Control,False,M,rev_mean_entries_incorrect,3.896551724137931
Example_Animal_08,example_animal_08_four_choice.xlsx,JAX C57,,,Control,WT,unknown,,N/A,JAX,N/A,Y,,Shipped,N/A,N,M,N,"UC Berkeley, Wilbrecht Lab",Aspen,Dark,Bioserv,20.0,Kaytee,,Albert Ader,12:12:00,Y,Y,Y,22:00,,,Y,Control,False,M,rev_mean_entries_incorrect,3.1666666666666665
Example_Animal_09,example_animal_09_four_choice.xlsx,JAX C57,2026-07-10,,Control,WT,unknown,,N/A,JAX,N/A,Y,,Shipped,N/A,N,M,N,"UC Berkeley, Wilbrecht Lab",Aspen,Dark,Bioserv,20.0,Kaytee,,Han-Ning Lu,12:12:00,Y,Y,Y,22:00,,,Y,Control,False,M,rev_mean_entries_incorrect,2.3333333333333335
Example_Animal_10,example_animal_10_four_choice.xlsx,JAX C57,,,Control,WT,unknown,,N/A,JAX,N/A,Y,,Shipped,N/A,N,M,N,"UC Berkeley, Wilbrecht Lab",Aspen,Dark,Bioserv,20.0,Kaytee,,Albert Ader,12:12:00,Y,Y,Y,22:00,,,Y,Control,False,M,rev_mean_entries_incorrect,4.416666666666667
Example_Animal_11,example_animal_11_four_choice.xlsx,JAX C57,2026-07-10,,Control,WT,unknown,,N/A,JAX,N/A,Y,,Shipped,N/A,N,M,N,"UC Berkeley, Wilbrecht Lab",Aspen,Dark,Bioserv,20.0,Kaytee,,Han-Ning Lu,12:12:00,Y,Y,Y,22:00,,,Y,Control,False,M,rev_mean_entries_incorrect,4.142857142857143
Example_Animal_01,example_animal_01_four_choice.xlsx,C57BL/6,2026-06-26,2.0,Control,Wildtype,Unknown,Not observed,N/A,Jackson/NIH,Unknown,Y,ARC,Shipped,21,Y,M,N,"Zuo Lab, UCSC",Aspen,Light Phase,Bio-Serv Pellets,20.0,Kaytee,Unknown,Aria,8:8,N,N,N,08:00,3.7 inches,Teklad 2920X,Y,Control,False,,rev_A_choice_percent_trials,40.0
Example_Animal_02,example_animal_02_four_choice.xlsx,C57BL/6,2026-06-26,2.0,Control,Wildtype,Unknown,Not observed,N/A,Jackson/NIH,Unknown,Y,ARC,Shipped,21,Y,M,N,"Zuo Lab, UCSC",Aspen,Light Phase,Bio-Serv Pellets,20.0,Kaytee,Unknown,Aria,8:8,N,N,N,08:00,3.7 inches,Teklad 2920X,Y,Control,False,,rev_A_choice_percent_trials,30.76923076923077
Example_Animal_03,example_animal_03_four_choice.xlsx,,,,Food Restriction,,,,,Jackson,,,,Shipped,,,M,,Wilbrecht; UC Berkeley,Aspen,Dark,Cheerio,,Kaytee,,Han-Ning Lu,10:10:00,N,Y,Y,22:00,,,,Food Restriction,False,M,rev_A_choice_percent_trials,45.83333333333333
Example_Animal_04,example_animal_04_four_choice.xlsx,JAX C57,,,Control,WT,unknown,,N/A,JAX,N/A,Y,,Shipped,N/A,N,M,N,"UC Berkeley, Wilbrecht Lab",Aspen,Dark,Bioserv,20.0,Kaytee,,Albert Ader,12:12:00,Y,Y,Y,22:00,,,Y,Control,False,M,rev_A_choice_percent_trials,19.607843137254903
Example_Animal_05,example_animal_05_four_choice.xlsx,JAX C57,2026-06-30,,Control,WT,unknown,,N/A,JAX,N/A,Y,,Shipped,N/A,N,M,N,"UC Berkeley, Wilbrecht Lab",Aspen,Dark,Bioserv,20.0,Kaytee,,Han-Ning Lu,12:12:00,Y,Y,Y,22:00,,,Y,Control,False,M,rev_A_choice_percent_trials,36.666666666666664
Example_Animal_06,example_animal_06_four_choice.xlsx,JAX C57,2026-06-30,,Control,WT,unknown,,N/A,JAX,N/A,Y,,Shipped,N/A,N,M,N,"UC Berkeley, Wilbrecht Lab",Aspen,Dark,Bioserv,20.0,Kaytee,,Han-Ning Lu,12:12:00,Y,Y,Y,22:00,,,Y,Control,False,M,rev_A_choice_percent_trials,60.65573770491803
Example_Animal_07,example_animal_07_four_choice.xlsx,JAX C57,2026-07-10,,Control,WT,unknown,,N/A,JAX,N/A,Y,,Shipped,N/A,N,M,N,"UC Berkeley, Wilbrecht Lab",Aspen,Dark,Bioserv,20.0,Kaytee,,Han-Ning Lu,12:12:00,Y,Y,Y,22:00,,,Y,Control,False,M,rev_A_choice_percent_trials,36.53846153846153
Example_Animal_08,example_animal_08_four_choice.xlsx,JAX C57,,,Control,WT,unknown,,N/A,JAX,N/A,Y,,Shipped,N/A,N,M,N,"UC Berkeley, Wilbrecht Lab",Aspen,Dark,Bioserv,20.0,Kaytee,,Albert Ader,12:12:00,Y,Y,Y,22:00,,,Y,Control,False,M,rev_A_choice_percent_trials,40.0
Example_Animal_09,example_animal_09_four_choice.xlsx,JAX C57,2026-07-10,,Control,WT,unknown,,N/A,JAX,N/A,Y,,Shipped,N/A,N,M,N,"UC Berkeley, Wilbrecht Lab",Aspen,Dark,Bioserv,20.0,Kaytee,,Han-Ning Lu,12:12:00,Y,Y,Y,22:00,,,Y,Control,False,M,rev_A_choice_percent_trials,35.294117647058826
Example_Animal_10,example_animal_10_four_choice.xlsx,JAX C57,,,Control,WT,unknown,,N/A,JAX,N/A,Y,,Shipped,N/A,N,M,N,"UC Berkeley, Wilbrecht Lab",Aspen,Dark,Bioserv,20.0,Kaytee,,Albert Ader,12:12:00,Y,Y,Y,22:00,,,Y,Control,False,M,rev_A_choice_percent_trials,50.877192982456144
Example_Animal_11,example_animal_11_four_choice.xlsx,JAX C57,2026-07-10,,Control,WT,unknown,,N/A,JAX,N/A,Y,,Shipped,N/A,N,M,N,"UC Berkeley, Wilbrecht Lab",Aspen,Dark,Bioserv,20.0,Kaytee,,Han-Ning Lu,12:12:00,Y,Y,Y,22:00,,,Y,Control,False,M,rev_A_choice_percent_trials,50.0
Example_Animal_01,example_animal_01_four_choice.xlsx,C57BL/6,2026-06-26,2.0,Control,Wildtype,Unknown,Not observed,N/A,Jackson/NIH,Unknown,Y,ARC,Shipped,21,Y,M,N,"Zuo Lab, UCSC",Aspen,Light Phase,Bio-Serv Pellets,20.0,Kaytee,Unknown,Aria,8:8,N,N,N,08:00,3.7 inches,Teklad 2920X,Y,Control,False,,rev_B_choice_percent_trials,60.0
Example_Animal_02,example_animal_02_four_choice.xlsx,C57BL/6,2026-06-26,2.0,Control,Wildtype,Unknown,Not observed,N/A,Jackson/NIH,Unknown,Y,ARC,Shipped,21,Y,M,N,"Zuo Lab, UCSC",Aspen,Light Phase,Bio-Serv Pellets,20.0,Kaytee,Unknown,Aria,8:8,N,N,N,08:00,3.7 inches,Teklad 2920X,Y,Control,False,,rev_B_choice_percent_trials,69.23076923076923
Example_Animal_03,example_animal_03_four_choice.xlsx,,,,Food Restriction,,,,,Jackson,,,,Shipped,,,M,,Wilbrecht; UC Berkeley,Aspen,Dark,Cheerio,,Kaytee,,Han-Ning Lu,10:10:00,N,Y,Y,22:00,,,,Food Restriction,False,M,rev_B_choice_percent_trials,50.0
Example_Animal_04,example_animal_04_four_choice.xlsx,JAX C57,,,Control,WT,unknown,,N/A,JAX,N/A,Y,,Shipped,N/A,N,M,N,"UC Berkeley, Wilbrecht Lab",Aspen,Dark,Bioserv,20.0,Kaytee,,Albert Ader,12:12:00,Y,Y,Y,22:00,,,Y,Control,False,M,rev_B_choice_percent_trials,54.90196078431373
Example_Animal_05,example_animal_05_four_choice.xlsx,JAX C57,2026-06-30,,Control,WT,unknown,,N/A,JAX,N/A,Y,,Shipped,N/A,N,M,N,"UC Berkeley, Wilbrecht Lab",Aspen,Dark,Bioserv,20.0,Kaytee,,Han-Ning Lu,12:12:00,Y,Y,Y,22:00,,,Y,Control,False,M,rev_B_choice_percent_trials,50.0
Example_Animal_06,example_animal_06_four_choice.xlsx,JAX C57,2026-06-30,,Control,WT,unknown,,N/A,JAX,N/A,Y,,Shipped,N/A,N,M,N,"UC Berkeley, Wilbrecht Lab",Aspen,Dark,Bioserv,20.0,Kaytee,,Han-Ning Lu,12:12:00,Y,Y,Y,22:00,,,Y,Control,False,M,rev_B_choice_percent_trials,22.950819672131146
Example_Animal_07,example_animal_07_four_choice.xlsx,JAX C57,2026-07-10,,Control,WT,unknown,,N/A,JAX,N/A,Y,,Shipped,N/A,N,M,N,"UC Berkeley, Wilbrecht Lab",Aspen,Dark,Bioserv,20.0,Kaytee,,Han-Ning Lu,12:12:00,Y,Y,Y,22:00,,,Y,Control,False,M,rev_B_choice_percent_trials,34.61538461538461
Example_Animal_08,example_animal_08_four_choice.xlsx,JAX C57,,,Control,WT,unknown,,N/A,JAX,N/A,Y,,Shipped,N/A,N,M,N,"UC Berkeley, Wilbrecht Lab",Aspen,Dark,Bioserv,20.0,Kaytee,,Albert Ader,12:12:00,Y,Y,Y,22:00,,,Y,Control,False,M,rev_B_choice_percent_trials,60.0
Example_Animal_09,example_animal_09_four_choice.xlsx,JAX C57,2026-07-10,,Control,WT,unknown,,N/A,JAX,N/A,Y,,Shipped,N/A,N,M,N,"UC Berkeley, Wilbrecht Lab",Aspen,Dark,Bioserv,20.0,Kaytee,,Han-Ning Lu,12:12:00,Y,Y,Y,22:00,,,Y,Control,False,M,rev_B_choice_percent_trials,47.05882352941176
Example_Animal_10,example_animal_10_four_choice.xlsx,JAX C57,,,Control,WT,unknown,,N/A,JAX,N/A,Y,,Shipped,N/A,N,M,N,"UC Berkeley, Wilbrecht Lab",Aspen,Dark,Bioserv,20.0,Kaytee,,Albert Ader,12:12:00,Y,Y,Y,22:00,,,Y,Control,False,M,rev_B_choice_percent_trials,33.33333333333333
Example_Animal_11,example_animal_11_four_choice.xlsx,JAX C57,2026-07-10,,Control,WT,unknown,,N/A,JAX,N/A,Y,,Shipped,N/A,N,M,N,"UC Berkeley, Wilbrecht Lab",Aspen,Dark,Bioserv,20.0,Kaytee,,Han-Ning Lu,12:12:00,Y,Y,Y,22:00,,,Y,Control,False,M,rev_B_choice_percent_trials,35.714285714285715
Example_Animal_01,example_animal_01_four_choice.xlsx,C57BL/6,2026-06-26,2.0,Control,Wildtype,Unknown,Not observed,N/A,Jackson/NIH,Unknown,Y,ARC,Shipped,21,Y,M,N,"Zuo Lab, UCSC",Aspen,Light Phase,Bio-Serv Pellets,20.0,Kaytee,Unknown,Aria,8:8,N,N,N,08:00,3.7 inches,Teklad 2920X,Y,Control,False,,rev_C_choice_percent_trials,0.0
Example_Animal_02,example_animal_02_four_choice.xlsx,C57BL/6,2026-06-26,2.0,Control,Wildtype,Unknown,Not observed,N/A,Jackson/NIH,Unknown,Y,ARC,Shipped,21,Y,M,N,"Zuo Lab, UCSC",Aspen,Light Phase,Bio-Serv Pellets,20.0,Kaytee,Unknown,Aria,8:8,N,N,N,08:00,3.7 inches,Teklad 2920X,Y,Control,False,,rev_C_choice_percent_trials,0.0
Example_Animal_03,example_animal_03_four_choice.xlsx,,,,Food Restriction,,,,,Jackson,,,,Shipped,,,M,,Wilbrecht; UC Berkeley,Aspen,Dark,Cheerio,,Kaytee,,Han-Ning Lu,10:10:00,N,Y,Y,22:00,,,,Food Restriction,False,M,rev_C_choice_percent_trials,2.083333333333333
Example_Animal_04,example_animal_04_four_choice.xlsx,JAX C57,,,Control,WT,unknown,,N/A,JAX,N/A,Y,,Shipped,N/A,N,M,N,"UC Berkeley, Wilbrecht Lab",Aspen,Dark,Bioserv,20.0,Kaytee,,Albert Ader,12:12:00,Y,Y,Y,22:00,,,Y,Control,False,M,rev_C_choice_percent_trials,9.803921568627452
Example_Animal_05,example_animal_05_four_choice.xlsx,JAX C57,2026-06-30,,Control,WT,unknown,,N/A,JAX,N/A,Y,,Shipped,N/A,N,M,N,"UC Berkeley, Wilbrecht Lab",Aspen,Dark,Bioserv,20.0,Kaytee,,Han-Ning Lu,12:12:00,Y,Y,Y,22:00,,,Y,Control,False,M,rev_C_choice_percent_trials,0.0
Example_Animal_06,example_animal_06_four_choice.xlsx,JAX C57,2026-06-30,,Control,WT,unknown,,N/A,JAX,N/A,Y,,Shipped,N/A,N,M,N,"UC Berkeley, Wilbrecht Lab",Aspen,Dark,Bioserv,20.0,Kaytee,,Han-Ning Lu,12:12:00,Y,Y,Y,22:00,,,Y,Control,False,M,rev_C_choice_percent_trials,6.557377049180328
Example_Animal_07,example_animal_07_four_choice.xlsx,JAX C57,2026-07-10,,Control,WT,unknown,,N/A,JAX,N/A,Y,,Shipped,N/A,N,M,N,"UC Berkeley, Wilbrecht Lab",Aspen,Dark,Bioserv,20.0,Kaytee,,Han-Ning Lu,12:12:00,Y,Y,Y,22:00,,,Y,Control,False,M,rev_C_choice_percent_trials,17.307692307692307
Example_Animal_08,example_animal_08_four_choice.xlsx,JAX C57,,,Control,WT,unknown,,N/A,JAX,N/A,Y,,Shipped,N/A,N,M,N,"UC Berkeley, Wilbrecht Lab",Aspen,Dark,Bioserv,20.0,Kaytee,,Albert Ader,12:12:00,Y,Y,Y,22:00,,,Y,Control,False,M,rev_C_choice_percent_trials,0.0
Example_Animal_09,example_animal_09_four_choice.xlsx,JAX C57,2026-07-10,,Control,WT,unknown,,N/A,JAX,N/A,Y,,Shipped,N/A,N,M,N,"UC Berkeley, Wilbrecht Lab",Aspen,Dark,Bioserv,20.0,Kaytee,,Han-Ning Lu,12:12:00,Y,Y,Y,22:00,,,Y,Control,False,M,rev_C_choice_percent_trials,14.705882352941178
Example_Animal_10,example_animal_10_four_choice.xlsx,JAX C57,,,Control,WT,unknown,,N/A,JAX,N/A,Y,,Shipped,N/A,N,M,N,"UC Berkeley, Wilbrecht Lab",Aspen,Dark,Bioserv,20.0,Kaytee,,Albert Ader,12:12:00,Y,Y,Y,22:00,,,Y,Control,False,M,rev_C_choice_percent_trials,8.771929824561402
Example_Animal_11,example_animal_11_four_choice.xlsx,JAX C57,2026-07-10,,Control,WT,unknown,,N/A,JAX,N/A,Y,,Shipped,N/A,N,M,N,"UC Berkeley, Wilbrecht Lab",Aspen,Dark,Bioserv,20.0,Kaytee,,Han-Ning Lu,12:12:00,Y,Y,Y,22:00,,,Y,Control,False,M,rev_C_choice_percent_trials,10.714285714285714
Example_Animal_01,example_animal_01_four_choice.xlsx,C57BL/6,2026-06-26,2.0,Control,Wildtype,Unknown,Not observed,N/A,Jackson/NIH,Unknown,Y,ARC,Shipped,21,Y,M,N,"Zuo Lab, UCSC",Aspen,Light Phase,Bio-Serv Pellets,20.0,Kaytee,Unknown,Aria,8:8,N,N,N,08:00,3.7 inches,Teklad 2920X,Y,Control,False,,rev_D_choice_percent_trials,0.0
Example_Animal_02,example_animal_02_four_choice.xlsx,C57BL/6,2026-06-26,2.0,Control,Wildtype,Unknown,Not observed,N/A,Jackson/NIH,Unknown,Y,ARC,Shipped,21,Y,M,N,"Zuo Lab, UCSC",Aspen,Light Phase,Bio-Serv Pellets,20.0,Kaytee,Unknown,Aria,8:8,N,N,N,08:00,3.7 inches,Teklad 2920X,Y,Control,False,,rev_D_choice_percent_trials,0.0
Example_Animal_03,example_animal_03_four_choice.xlsx,,,,Food Restriction,,,,,Jackson,,,,Shipped,,,M,,Wilbrecht; UC Berkeley,Aspen,Dark,Cheerio,,Kaytee,,Han-Ning Lu,10:10:00,N,Y,Y,22:00,,,,Food Restriction,False,M,rev_D_choice_percent_trials,0.0
Example_Animal_04,example_animal_04_four_choice.xlsx,JAX C57,,,Control,WT,unknown,,N/A,JAX,N/A,Y,,Shipped,N/A,N,M,N,"UC Berkeley, Wilbrecht Lab",Aspen,Dark,Bioserv,20.0,Kaytee,,Albert Ader,12:12:00,Y,Y,Y,22:00,,,Y,Control,False,M,rev_D_choice_percent_trials,15.686274509803921
Example_Animal_05,example_animal_05_four_choice.xlsx,JAX C57,2026-06-30,,Control,WT,unknown,,N/A,JAX,N/A,Y,,Shipped,N/A,N,M,N,"UC Berkeley, Wilbrecht Lab",Aspen,Dark,Bioserv,20.0,Kaytee,,Han-Ning Lu,12:12:00,Y,Y,Y,22:00,,,Y,Control,False,M,rev_D_choice_percent_trials,13.333333333333334
Example_Animal_06,example_animal_06_four_choice.xlsx,JAX C57,2026-06-30,,Control,WT,unknown,,N/A,JAX,N/A,Y,,Shipped,N/A,N,M,N,"UC Berkeley, Wilbrecht Lab",Aspen,Dark,Bioserv,20.0,Kaytee,,Han-Ning Lu,12:12:00,Y,Y,Y,22:00,,,Y,Control,False,M,rev_D_choice_percent_trials,6.557377049180328
Example_Animal_07,example_animal_07_four_choice.xlsx,JAX C57,2026-07-10,,Control,WT,unknown,,N/A,JAX,N/A,Y,,Shipped,N/A,N,M,N,"UC Berkeley, Wilbrecht Lab",Aspen,Dark,Bioserv,20.0,Kaytee,,Han-Ning Lu,12:12:00,Y,Y,Y,22:00,,,Y,Control,False,M,rev_D_choice_percent_trials,1.9230769230769231
Example_Animal_08,example_animal_08_four_choice.xlsx,JAX C57,,,Control,WT,unknown,,N/A,JAX,N/A,Y,,Shipped,N/A,N,M,N,"UC Berkeley, Wilbrecht Lab",Aspen,Dark,Bioserv,20.0,Kaytee,,Albert Ader,12:12:00,Y,Y,Y,22:00,,,Y,Control,False,M,rev_D_choice_percent_trials,0.0
Example_Animal_09,example_animal_09_four_choice.xlsx,JAX C57,2026-07-10,,Control,WT,unknown,,N/A,JAX,N/A,Y,,Shipped,N/A,N,M,N,"UC Berkeley, Wilbrecht Lab",Aspen,Dark,Bioserv,20.0,Kaytee,,Han-Ning Lu,12:12:00,Y,Y,Y,22:00,,,Y,Control,False,M,rev_D_choice_percent_trials,2.941176470588235
Example_Animal_10,example_animal_10_four_choice.xlsx,JAX C57,,,Control,WT,unknown,,N/A,JAX,N/A,Y,,Shipped,N/A,N,M,N,"UC Berkeley, Wilbrecht Lab",Aspen,Dark,Bioserv,20.0,Kaytee,,Albert Ader,12:12:00,Y,Y,Y,22:00,,,Y,Control,False,M,rev_D_choice_percent_trials,3.508771929824561
Example_Animal_11,example_animal_11_four_choice.xlsx,JAX C57,2026-07-10,,Control,WT,unknown,,N/A,JAX,N/A,Y,,Shipped,N/A,N,M,N,"UC Berkeley, Wilbrecht Lab",Aspen,Dark,Bioserv,20.0,Kaytee,,Han-Ning Lu,12:12:00,Y,Y,Y,22:00,,,Y,Control,False,M,rev_D_choice_percent_trials,1.7857142857142856
Example_Animal_01,example_animal_01_four_choice.xlsx,C57BL/6,2026-06-26,2.0,Control,Wildtype,Unknown,Not observed,N/A,Jackson/NIH,Unknown,Y,ARC,Shipped,21,Y,M,N,"Zuo Lab, UCSC",Aspen,Light Phase,Bio-Serv Pellets,20.0,Kaytee,Unknown,Aria,8:8,N,N,N,08:00,3.7 inches,Teklad 2920X,Y,Control,False,,rev_A_entry_percent_total,24.615384615384617
Example_Animal_02,example_animal_02_four_choice.xlsx,C57BL/6,2026-06-26,2.0,Control,Wildtype,Unknown,Not observed,N/A,Jackson/NIH,Unknown,Y,ARC,Shipped,21,Y,M,N,"Zuo Lab, UCSC",Aspen,Light Phase,Bio-Serv Pellets,20.0,Kaytee,Unknown,Aria,8:8,N,N,N,08:00,3.7 inches,Teklad 2920X,Y,Control,False,,rev_A_entry_percent_total,20.689655172413794
Example_Animal_03,example_animal_03_four_choice.xlsx,,,,Food Restriction,,,,,Jackson,,,,Shipped,,,M,,Wilbrecht; UC Berkeley,Aspen,Dark,Cheerio,,Kaytee,,Han-Ning Lu,10:10:00,N,Y,Y,22:00,,,,Food Restriction,False,M,rev_A_entry_percent_total,28.143712574850298
Example_Animal_04,example_animal_04_four_choice.xlsx,JAX C57,,,Control,WT,unknown,,N/A,JAX,N/A,Y,,Shipped,N/A,N,M,N,"UC Berkeley, Wilbrecht Lab",Aspen,Dark,Bioserv,20.0,Kaytee,,Albert Ader,12:12:00,Y,Y,Y,22:00,,,Y,Control,False,M,rev_A_entry_percent_total,25.454545454545453
Example_Animal_05,example_animal_05_four_choice.xlsx,JAX C57,2026-06-30,,Control,WT,unknown,,N/A,JAX,N/A,Y,,Shipped,N/A,N,M,N,"UC Berkeley, Wilbrecht Lab",Aspen,Dark,Bioserv,20.0,Kaytee,,Han-Ning Lu,12:12:00,Y,Y,Y,22:00,,,Y,Control,False,M,rev_A_entry_percent_total,22.105263157894736
Example_Animal_06,example_animal_06_four_choice.xlsx,JAX C57,2026-06-30,,Control,WT,unknown,,N/A,JAX,N/A,Y,,Shipped,N/A,N,M,N,"UC Berkeley, Wilbrecht Lab",Aspen,Dark,Bioserv,20.0,Kaytee,,Han-Ning Lu,12:12:00,Y,Y,Y,22:00,,,Y,Control,False,M,rev_A_entry_percent_total,28.85375494071146
Example_Animal_07,example_animal_07_four_choice.xlsx,JAX C57,2026-07-10,,Control,WT,unknown,,N/A,JAX,N/A,Y,,Shipped,N/A,N,M,N,"UC Berkeley, Wilbrecht Lab",Aspen,Dark,Bioserv,20.0,Kaytee,,Han-Ning Lu,12:12:00,Y,Y,Y,22:00,,,Y,Control,False,M,rev_A_entry_percent_total,29.00763358778626
Example_Animal_08,example_animal_08_four_choice.xlsx,JAX C57,,,Control,WT,unknown,,N/A,JAX,N/A,Y,,Shipped,N/A,N,M,N,"UC Berkeley, Wilbrecht Lab",Aspen,Dark,Bioserv,20.0,Kaytee,,Albert Ader,12:12:00,Y,Y,Y,22:00,,,Y,Control,False,M,rev_A_entry_percent_total,20.967741935483872
Example_Animal_09,example_animal_09_four_choice.xlsx,JAX C57,2026-07-10,,Control,WT,unknown,,N/A,JAX,N/A,Y,,Shipped,N/A,N,M,N,"UC Berkeley, Wilbrecht Lab",Aspen,Dark,Bioserv,20.0,Kaytee,,Han-Ning Lu,12:12:00,Y,Y,Y,22:00,,,Y,Control,False,M,rev_A_entry_percent_total,26.666666666666668
Example_Animal_10,example_animal_10_four_choice.xlsx,JAX C57,,,Control,WT,unknown,,N/A,JAX,N/A,Y,,Shipped,N/A,N,M,N,"UC Berkeley, Wilbrecht Lab",Aspen,Dark,Bioserv,20.0,Kaytee,,Albert Ader,12:12:00,Y,Y,Y,22:00,,,Y,Control,False,M,rev_A_entry_percent_total,29.2
Example_Animal_11,example_animal_11_four_choice.xlsx,JAX C57,2026-07-10,,Control,WT,unknown,,N/A,JAX,N/A,Y,,Shipped,N/A,N,M,N,"UC Berkeley, Wilbrecht Lab",Aspen,Dark,Bioserv,20.0,Kaytee,,Han-Ning Lu,12:12:00,Y,Y,Y,22:00,,,Y,Control,False,M,rev_A_entry_percent_total,27.941176470588236
Example_Animal_01,example_animal_01_four_choice.xlsx,C57BL/6,2026-06-26,2.0,Control,Wildtype,Unknown,Not observed,N/A,Jackson/NIH,Unknown,Y,ARC,Shipped,21,Y,M,N,"Zuo Lab, UCSC",Aspen,Light Phase,Bio-Serv Pellets,20.0,Kaytee,Unknown,Aria,8:8,N,N,N,08:00,3.7 inches,Teklad 2920X,Y,Control,False,,rev_B_entry_percent_total,26.153846153846157
Example_Animal_02,example_animal_02_four_choice.xlsx,C57BL/6,2026-06-26,2.0,Control,Wildtype,Unknown,Not observed,N/A,Jackson/NIH,Unknown,Y,ARC,Shipped,21,Y,M,N,"Zuo Lab, UCSC",Aspen,Light Phase,Bio-Serv Pellets,20.0,Kaytee,Unknown,Aria,8:8,N,N,N,08:00,3.7 inches,Teklad 2920X,Y,Control,False,,rev_B_entry_percent_total,34.48275862068966
Example_Animal_03,example_animal_03_four_choice.xlsx,,,,Food Restriction,,,,,Jackson,,,,Shipped,,,M,,Wilbrecht; UC Berkeley,Aspen,Dark,Cheerio,,Kaytee,,Han-Ning Lu,10:10:00,N,Y,Y,22:00,,,,Food Restriction,False,M,rev_B_entry_percent_total,20.958083832335326
Example_Animal_04,example_animal_04_four_choice.xlsx,JAX C57,,,Control,WT,unknown,,N/A,JAX,N/A,Y,,Shipped,N/A,N,M,N,"UC Berkeley, Wilbrecht Lab",Aspen,Dark,Bioserv,20.0,Kaytee,,Albert Ader,12:12:00,Y,Y,Y,22:00,,,Y,Control,False,M,rev_B_entry_percent_total,29.09090909090909
Example_Animal_05,example_animal_05_four_choice.xlsx,JAX C57,2026-06-30,,Control,WT,unknown,,N/A,JAX,N/A,Y,,Shipped,N/A,N,M,N,"UC Berkeley, Wilbrecht Lab",Aspen,Dark,Bioserv,20.0,Kaytee,,Han-Ning Lu,12:12:00,Y,Y,Y,22:00,,,Y,Control,False,M,rev_B_entry_percent_total,31.57894736842105
Example_Animal_06,example_animal_06_four_choice.xlsx,JAX C57,2026-06-30,,Control,WT,unknown,,N/A,JAX,N/A,Y,,Shipped,N/A,N,M,N,"UC Berkeley, Wilbrecht Lab",Aspen,Dark,Bioserv,20.0,Kaytee,,Han-Ning Lu,12:12:00,Y,Y,Y,22:00,,,Y,Control,False,M,rev_B_entry_percent_total,26.08695652173913
Example_Animal_07,example_animal_07_four_choice.xlsx,JAX C57,2026-07-10,,Control,WT,unknown,,N/A,JAX,N/A,Y,,Shipped,N/A,N,M,N,"UC Berkeley, Wilbrecht Lab",Aspen,Dark,Bioserv,20.0,Kaytee,,Han-Ning Lu,12:12:00,Y,Y,Y,22:00,,,Y,Control,False,M,rev_B_entry_percent_total,22.137404580152673
Example_Animal_08,example_animal_08_four_choice.xlsx,JAX C57,,,Control,WT,unknown,,N/A,JAX,N/A,Y,,Shipped,N/A,N,M,N,"UC Berkeley, Wilbrecht Lab",Aspen,Dark,Bioserv,20.0,Kaytee,,Albert Ader,12:12:00,Y,Y,Y,22:00,,,Y,Control,False,M,rev_B_entry_percent_total,29.03225806451613
Example_Animal_09,example_animal_09_four_choice.xlsx,JAX C57,2026-07-10,,Control,WT,unknown,,N/A,JAX,N/A,Y,,Shipped,N/A,N,M,N,"UC Berkeley, Wilbrecht Lab",Aspen,Dark,Bioserv,20.0,Kaytee,,Han-Ning Lu,12:12:00,Y,Y,Y,22:00,,,Y,Control,False,M,rev_B_entry_percent_total,30.0
Example_Animal_10,example_animal_10_four_choice.xlsx,JAX C57,,,Control,WT,unknown,,N/A,JAX,N/A,Y,,Shipped,N/A,N,M,N,"UC Berkeley, Wilbrecht Lab",Aspen,Dark,Bioserv,20.0,Kaytee,,Albert Ader,12:12:00,Y,Y,Y,22:00,,,Y,Control,False,M,rev_B_entry_percent_total,24.8
Example_Animal_11,example_animal_11_four_choice.xlsx,JAX C57,2026-07-10,,Control,WT,unknown,,N/A,JAX,N/A,Y,,Shipped,N/A,N,M,N,"UC Berkeley, Wilbrecht Lab",Aspen,Dark,Bioserv,20.0,Kaytee,,Han-Ning Lu,12:12:00,Y,Y,Y,22:00,,,Y,Control,False,M,rev_B_entry_percent_total,25.49019607843137
Example_Animal_01,example_animal_01_four_choice.xlsx,C57BL/6,2026-06-26,2.0,Control,Wildtype,Unknown,Not observed,N/A,Jackson/NIH,Unknown,Y,ARC,Shipped,21,Y,M,N,"Zuo Lab, UCSC",Aspen,Light Phase,Bio-Serv Pellets,20.0,Kaytee,Unknown,Aria,8:8,N,N,N,08:00,3.7 inches,Teklad 2920X,Y,Control,False,,rev_C_entry_percent_total,29.230769230769234
Example_Animal_02,example_animal_02_four_choice.xlsx,C57BL/6,2026-06-26,2.0,Control,Wildtype,Unknown,Not observed,N/A,Jackson/NIH,Unknown,Y,ARC,Shipped,21,Y,M,N,"Zuo Lab, UCSC",Aspen,Light Phase,Bio-Serv Pellets,20.0,Kaytee,Unknown,Aria,8:8,N,N,N,08:00,3.7 inches,Teklad 2920X,Y,Control,False,,rev_C_entry_percent_total,17.24137931034483
Example_Animal_03,example_animal_03_four_choice.xlsx,,,,Food Restriction,,,,,Jackson,,,,Shipped,,,M,,Wilbrecht; UC Berkeley,Aspen,Dark,Cheerio,,Kaytee,,Han-Ning Lu,10:10:00,N,Y,Y,22:00,,,,Food Restriction,False,M,rev_C_entry_percent_total,27.54491017964072
Example_Animal_04,example_animal_04_four_choice.xlsx,JAX C57,,,Control,WT,unknown,,N/A,JAX,N/A,Y,,Shipped,N/A,N,M,N,"UC Berkeley, Wilbrecht Lab",Aspen,Dark,Bioserv,20.0,Kaytee,,Albert Ader,12:12:00,Y,Y,Y,22:00,,,Y,Control,False,M,rev_C_entry_percent_total,23.636363636363637
Example_Animal_05,example_animal_05_four_choice.xlsx,JAX C57,2026-06-30,,Control,WT,unknown,,N/A,JAX,N/A,Y,,Shipped,N/A,N,M,N,"UC Berkeley, Wilbrecht Lab",Aspen,Dark,Bioserv,20.0,Kaytee,,Han-Ning Lu,12:12:00,Y,Y,Y,22:00,,,Y,Control,False,M,rev_C_entry_percent_total,17.894736842105264
Example_Animal_06,example_animal_06_four_choice.xlsx,JAX C57,2026-06-30,,Control,WT,unknown,,N/A,JAX,N/A,Y,,Shipped,N/A,N,M,N,"UC Berkeley, Wilbrecht Lab",Aspen,Dark,Bioserv,20.0,Kaytee,,Han-Ning Lu,12:12:00,Y,Y,Y,22:00,,,Y,Control,False,M,rev_C_entry_percent_total,21.73913043478261
Example_Animal_07,example_animal_07_four_choice.xlsx,JAX C57,2026-07-10,,Control,WT,unknown,,N/A,JAX,N/A,Y,,Shipped,N/A,N,M,N,"UC Berkeley, Wilbrecht Lab",Aspen,Dark,Bioserv,20.0,Kaytee,,Han-Ning Lu,12:12:00,Y,Y,Y,22:00,,,Y,Control,False,M,rev_C_entry_percent_total,26.33587786259542
Example_Animal_08,example_animal_08_four_choice.xlsx,JAX C57,,,Control,WT,unknown,,N/A,JAX,N/A,Y,,Shipped,N/A,N,M,N,"UC Berkeley, Wilbrecht Lab",Aspen,Dark,Bioserv,20.0,Kaytee,,Albert Ader,12:12:00,Y,Y,Y,22:00,,,Y,Control,False,M,rev_C_entry_percent_total,23.387096774193548
Example_Animal_09,example_animal_09_four_choice.xlsx,JAX C57,2026-07-10,,Control,WT,unknown,,N/A,JAX,N/A,Y,,Shipped,N/A,N,M,N,"UC Berkeley, Wilbrecht Lab",Aspen,Dark,Bioserv,20.0,Kaytee,,Han-Ning Lu,12:12:00,Y,Y,Y,22:00,,,Y,Control,False,M,rev_C_entry_percent_total,22.22222222222222
Example_Animal_10,example_animal_10_four_choice.xlsx,JAX C57,,,Control,WT,unknown,,N/A,JAX,N/A,Y,,Shipped,N/A,N,M,N,"UC Berkeley, Wilbrecht Lab",Aspen,Dark,Bioserv,20.0,Kaytee,,Albert Ader,12:12:00,Y,Y,Y,22:00,,,Y,Control,False,M,rev_C_entry_percent_total,24.0
Example_Animal_11,example_animal_11_four_choice.xlsx,JAX C57,2026-07-10,,Control,WT,unknown,,N/A,JAX,N/A,Y,,Shipped,N/A,N,M,N,"UC Berkeley, Wilbrecht Lab",Aspen,Dark,Bioserv,20.0,Kaytee,,Han-Ning Lu,12:12:00,Y,Y,Y,22:00,,,Y,Control,False,M,rev_C_entry_percent_total,25.0
Example_Animal_01,example_animal_01_four_choice.xlsx,C57BL/6,2026-06-26,2.0,Control,Wildtype,Unknown,Not observed,N/A,Jackson/NIH,Unknown,Y,ARC,Shipped,21,Y,M,N,"Zuo Lab, UCSC",Aspen,Light Phase,Bio-Serv Pellets,20.0,Kaytee,Unknown,Aria,8:8,N,N,N,08:00,3.7 inches,Teklad 2920X,Y,Control,False,,rev_D_entry_percent_total,20.0
Example_Animal_02,example_animal_02_four_choice.xlsx,C57BL/6,2026-06-26,2.0,Control,Wildtype,Unknown,Not observed,N/A,Jackson/NIH,Unknown,Y,ARC,Shipped,21,Y,M,N,"Zuo Lab, UCSC",Aspen,Light Phase,Bio-Serv Pellets,20.0,Kaytee,Unknown,Aria,8:8,N,N,N,08:00,3.7 inches,Teklad 2920X,Y,Control,False,,rev_D_entry_percent_total,27.586206896551722
Example_Animal_03,example_animal_03_four_choice.xlsx,,,,Food Restriction,,,,,Jackson,,,,Shipped,,,M,,Wilbrecht; UC Berkeley,Aspen,Dark,Cheerio,,Kaytee,,Han-Ning Lu,10:10:00,N,Y,Y,22:00,,,,Food Restriction,False,M,rev_D_entry_percent_total,23.353293413173652
Example_Animal_04,example_animal_04_four_choice.xlsx,JAX C57,,,Control,WT,unknown,,N/A,JAX,N/A,Y,,Shipped,N/A,N,M,N,"UC Berkeley, Wilbrecht Lab",Aspen,Dark,Bioserv,20.0,Kaytee,,Albert Ader,12:12:00,Y,Y,Y,22:00,,,Y,Control,False,M,rev_D_entry_percent_total,21.818181818181817
Example_Animal_05,example_animal_05_four_choice.xlsx,JAX C57,2026-06-30,,Control,WT,unknown,,N/A,JAX,N/A,Y,,Shipped,N/A,N,M,N,"UC Berkeley, Wilbrecht Lab",Aspen,Dark,Bioserv,20.0,Kaytee,,Han-Ning Lu,12:12:00,Y,Y,Y,22:00,,,Y,Control,False,M,rev_D_entry_percent_total,28.421052631578945
Example_Animal_06,example_animal_06_four_choice.xlsx,JAX C57,2026-06-30,,Control,WT,unknown,,N/A,JAX,N/A,Y,,Shipped,N/A,N,M,N,"UC Berkeley, Wilbrecht Lab",Aspen,Dark,Bioserv,20.0,Kaytee,,Han-Ning Lu,12:12:00,Y,Y,Y,22:00,,,Y,Control,False,M,rev_D_entry_percent_total,23.3201581027668
Example_Animal_07,example_animal_07_four_choice.xlsx,JAX C57,2026-07-10,,Control,WT,unknown,,N/A,JAX,N/A,Y,,Shipped,N/A,N,M,N,"UC Berkeley, Wilbrecht Lab",Aspen,Dark,Bioserv,20.0,Kaytee,,Han-Ning Lu,12:12:00,Y,Y,Y,22:00,,,Y,Control,False,M,rev_D_entry_percent_total,22.519083969465647
Example_Animal_08,example_animal_08_four_choice.xlsx,JAX C57,,,Control,WT,unknown,,N/A,JAX,N/A,Y,,Shipped,N/A,N,M,N,"UC Berkeley, Wilbrecht Lab",Aspen,Dark,Bioserv,20.0,Kaytee,,Albert Ader,12:12:00,Y,Y,Y,22:00,,,Y,Control,False,M,rev_D_entry_percent_total,26.61290322580645
Example_Animal_09,example_animal_09_four_choice.xlsx,JAX C57,2026-07-10,,Control,WT,unknown,,N/A,JAX,N/A,Y,,Shipped,N/A,N,M,N,"UC Berkeley, Wilbrecht Lab",Aspen,Dark,Bioserv,20.0,Kaytee,,Han-Ning Lu,12:12:00,Y,Y,Y,22:00,,,Y,Control,False,M,rev_D_entry_percent_total,21.11111111111111
Example_Animal_10,example_animal_10_four_choice.xlsx,JAX C57,,,Control,WT,unknown,,N/A,JAX,N/A,Y,,Shipped,N/A,N,M,N,"UC Berkeley, Wilbrecht Lab",Aspen,Dark,Bioserv,20.0,Kaytee,,Albert Ader,12:12:00,Y,Y,Y,22:00,,,Y,Control,False,M,rev_D_entry_percent_total,22.0
Example_Animal_11,example_animal_11_four_choice.xlsx,JAX C57,2026-07-10,,Control,WT,unknown,,N/A,JAX,N/A,Y,,Shipped,N/A,N,M,N,"UC Berkeley, Wilbrecht Lab",Aspen,Dark,Bioserv,20.0,Kaytee,,Han-Ning Lu,12:12:00,Y,Y,Y,22:00,,,Y,Control,False,M,rev_D_entry_percent_total,21.568627450980394
